12608,32063,10281,0.162372,NaN
12406,32073,10282,0.060781,NaN
12204,32083,10282,0.07566,NaN
12001,32093,10282,0.072651,NaN
11799,32103,10282,0.05425,NaN
11597,32113,10282,0.039493,0.008332
11395,32123,10282,0.030802,0.007742
11193,32133,10282,0.030458,0.005726
10990,32143,10282,0.043449,0.017728
10788,32153,10282,0.034733,0.011794
10586,32163,10282,0.052028,0.018156
10724,32002,10289,0.130085,0.053484
10863,31841,10297,1.551134,2.102893
11001,31679,10305,0.681986,0.437877
11140,31518,10312,1.389228,1.056044
11278,31357,10320,1.057834,0.432898
11424,31184,10328,0.674615,0.60266
11569,31010,10336,0.734128,0.644547
11715,30836,10344,0.481159,0.393729
11860,30663,10352,0.364556,0.42727
12006,30490,10360,0.168849,0.07598
12151,30316,10368,0.114608,0.053305
12266,30134,10377,0.19857,0.14521
12381,29952,10386,0.324743,0.191517
12496,29770,10394,0.210829,0.147584
12611,29588,10403,0.30632,0.297393
12725,29405,10412,0.212049,0.054927
12840,29223,10420,0.374516,0.2134
12955,29041,10429,0.439378,0.278658
13070,28859,10438,0.497058,0.763259
13185,28677,10446,0.242627,0.092326
13284,28485,10455,0.466404,0.267104
13382,28293,10465,0.173562,0.11036
13481,28101,10474,0.220294,0.246951
13580,27908,10483,1.171696,0.64851
13679,27716,10492,0.55443,0.756844
13777,27524,10501,1.394293,0.80311
13876,27332,10511,0.100291,0.03016
13934,27123,10521,0.25457,0.143008
13991,26915,10531,0.505574,0.216893
14049,26706,10541,0.236413,0.049751
14107,26498,10551,0.094945,0.072131
14165,26289,10561,0.171354,0.091893
14222,26081,10571,1.078567,1.008942
14280,25872,10581,0.228875,0.150557
14296,25643,10592,0.46478,0.303101
14311,25413,10604,0.139292,0.075357
14327,25184,10615,0.133745,0.078797
14343,24955,10626,0.098951,0.107478
14358,24725,10637,0.182208,0.128017
14374,24496,10649,0.164908,0.049239
14374,24270,10660,0.196803,0.185958
14374,24044,10671,0.102947,0.052273
14374,23819,10682,0.101991,0.071383
14374,23593,10693,0.10725,0.062323
14341,23394,10703,0.089498,0.041461
14307,23195,10713,0.087894,0.077533
14274,22996,10723,0.165139,0.112424
14241,22796,10732,0.112712,0.057257
14207,22597,10742,0.129845,0.028238
14174,22398,10752,0.419947,0.274965
14134,22179,10763,0.444505,0.551547
14094,21959,10774,0.114142,0.058388
14054,21740,10785,0.118141,0.11474
14014,21520,10796,0.153003,0.099891
13974,21301,10807,0.101355,0.020321
13924,21095,10817,0.105871,0.071244
13874,20890,10827,0.146848,0.071443
13824,20684,10837,0.207701,0.036494
13774,20478,10847,0.060342,0.025746
13713,20259,10858,0.096276,0.111888
13653,20040,10869,0.077484,0.023051
13592,19821,10880,0.047333,0.015689
13532,19602,10891,0.029893,0.008833
13471,19383,10902,0.027361,0.004249
13399,19193,10912,0.057163,0.027501
13328,19002,10921,0.040322,0.009316
13256,18812,10931,0.033306,0.006077
13184,18622,10940,0.042156,0.016654
13113,18431,10950,0.067033,0.020553
13041,18241,10959,0.023161,0.002101
12958,18053,10969,0.134176,0.060791
12875,17865,10978,0.033551,0.010547
12791,17678,10988,0.089759,0.017582
12708,17490,10997,0.073754,0.049968
12625,17302,11006,0.077553,0.051651
12542,17114,11016,0.081768,0.030164
12459,16926,11025,0.050795,0.004853
12375,16739,11035,0.038521,0.013575
12292,16551,11044,0.070675,0.02818
12209,16363,11054,0.032975,0.00715
12096,16162,11064,0.042019,0.004997
11982,15961,11074,0.057926,0.027715
11869,15760,11084,0.048383,0.011174
11778,15578,11093,0.062235,0.02488
11687,15396,11102,0.042724,0.018171
11596,15214,11112,0.050002,0.015638
11506,15032,11121,0.031914,0.013404
11415,14851,11130,0.0497,0.016434
11324,14669,11139,0.031885,0.009197
11233,14487,11148,0.028113,0.008131
11142,14305,11157,0.032961,0.014083
11027,14119,11167,0.028204,0.007228
10913,13933,11176,0.046856,0.021577
10798,13748,11186,0.02171,0.005822
10684,13562,11195,0.055889,0.018059
10569,13376,11205,0.063741,0.015424
10444,13175,11215,0.057143,0.018214
10318,12974,11225,0.060361,0.023914
10193,12772,11235,0.04695,0.038946
10067,12571,11245,0.048393,0.021711
9942,12370,11256,0.05615,0.021337
9823,12181,11265,0.078198,0.064499
9703,11991,11275,0.050396,0.027883
9584,11802,11284,0.048887,0.024448
9464,11612,11294,0.030126,0.007804
9345,11423,11304,0.035535,0.01377
9225,11233,11313,0.02493,0.009578
9106,11044,11323,0.043702,0.016331
8962,10881,11331,0.040232,0.021703
8817,10717,11340,0.066106,0.042049
8673,10554,11348,0.097345,0.030427
8528,10390,11357,0.082809,0.020254
8384,10227,11365,0.070908,0.043492
8254,10040,11374,0.114108,0.059434
8124,9852,11384,0.081932,0.07044
7994,9665,11394,0.074238,0.040945
7864,9478,11403,0.072565,0.026227
7734,9290,11413,0.046572,0.004441
7604,9103,11422,0.034876,0.006673
7438,8984,11428,0.041345,0.013979
7271,8864,11435,0.090544,0.05431
7111,8683,11444,0.031834,0.017917
6951,8503,11453,0.0671,0.022306
6791,8322,11463,0.036244,0.008034
6631,8141,11472,0.03776,0.010256
6478,7981,11480,0.038048,0.009012
6324,7820,11488,0.038198,0.005913
6171,7660,11497,0.038626,0.005694
6368,7734,11493,0.030638,0.002407
6566,7807,11488,0.058903,0.006933
6764,7880,11484,0.046473,0.00869
6961,7954,11480,0.030189,0.005535
7158,8028,11476,0.035586,0.004842
7356,8101,11472,0.032629,0.008281
7554,8174,11468,0.030232,0.004669
7751,8248,11464,0.044169,0.006673
7949,8322,11460,0.048258,0.006328
8146,8395,11455,0.375129,0.150836
8292,8533,11448,0.429227,0.192088
8439,8671,11441,0.295021,0.146367
8585,8809,11434,1.301382,0.589927
8732,8946,11427,0.469022,0.248331
8878,9084,11420,0.204272,0.074323
9024,9222,11413,0.332224,0.213104
9171,9360,11405,0.067191,0.026845
9317,9498,11398,0.101205,0.026793
9472,9675,11389,0.334183,0.443851
9626,9852,11380,0.212369,0.060594
9781,10029,11371,0.191468,0.058045
9935,10206,11362,0.458305,0.383443
10090,10383,11353,0.877486,0.166948
10228,10578,11343,0.458709,0.214359
10367,10773,11333,1.462796,1.339648
10505,10967,11323,0.251686,0.136874
10644,11162,11313,0.163533,0.097741
10782,11357,11303,0.190974,0.209102
10931,11522,11295,0.221744,0.040472
11080,11686,11286,0.11284,0.039454
11228,11851,11278,0.090954,0.040529
11377,12016,11269,0.083154,0.025096
11482,12219,11259,0.126296,0.055676
11587,12422,11249,0.254775,0.094058
11692,12625,11239,0.836087,0.806828
11796,12829,11228,1.019517,0.575446
11901,13032,11218,0.2298,0.121612
12006,13235,11208,0.401741,0.131378
12113,13426,11198,0.196973,0.144269
12220,13617,11188,0.074101,0.022774
12327,13809,11179,0.048241,0.011896
12434,14000,11169,0.044374,0.016591
12541,14191,11159,0.049318,0.012581
12648,14382,11150,0.050155,0.008362
12755,14574,11140,0.049936,0.004646
12862,14765,11130,0.056426,0.019365
12969,14956,11121,0.048888,0.003151
13074,15145,11111,0.058901,0.019585
13178,15333,11102,0.123307,0.041098
13283,15522,11092,0.113867,0.02761
13388,15710,11083,0.074918,0.025932
13493,15899,11073,0.050616,0.021631
13597,16087,11064,0.039831,0.014239
13702,16276,11054,0.038359,0.011799
13792,16459,11045,0.042995,0.011733
13882,16642,11036,0.040179,0.003946
13972,16825,11026,0.057361,0.021499
14062,17008,11017,0.057036,0.010104
14152,17191,11008,0.036925,0.004932
14263,17402,10997,0.03956,0.009386
14374,17614,10987,0.040617,0.005266
14485,17825,10976,0.031527,0.007597
14596,18037,10965,0.038516,0.008946
14673,18225,10956,0.02922,0.003142
14750,18413,10946,0.028937,0.004441
14828,18602,10937,0.03713,0.010865
14905,18790,10927,0.050492,0.013417
14982,18978,10918,0.035136,0.014059
15059,19166,10909,0.043044,0.018587
15151,19359,10899,0.038555,0.013989
15243,19551,10889,0.043383,0.01727
15335,19744,10879,0.035372,0.006926
15426,19937,10870,0.030811,0.004327
15518,20129,10860,0.090021,0.029198
15610,20322,10850,0.090835,0.030397
15702,20514,10841,0.114608,0.034595
15794,20707,10831,0.131026,0.039382
15844,20940,10819,0.089004,0.029359
15894,21172,10808,0.104044,0.02366
15944,21405,10796,0.130464,0.034482
15994,21638,10785,0.098901,0.025465
16069,21861,10774,0.108462,0.028904
16143,22085,10762,0.235645,0.078867
16218,22308,10751,0.325953,0.336185
16292,22532,10740,0.15422,0.043977
16367,22755,10729,0.080535,0.026799
16456,22960,10719,0.095482,0.027904
16544,23166,10708,0.12983,0.052212
16633,23371,10698,0.053653,0.018071
16721,23577,10688,0.027138,0.006807
16810,23782,10677,0.029972,0.007186
16876,23996,10667,0.044392,0.022121
16942,24209,10656,0.053668,0.020445
17009,24422,10645,0.062569,0.021295
17075,24636,10635,0.139157,0.061262
17042,24860,10624,0.084304,0.038453
17008,25083,10613,0.100393,0.028262
16975,25307,10602,0.11463,0.041007
16942,25531,10591,0.080708,0.015726
16908,25754,10580,0.105492,0.030432
16875,25978,10569,0.13464,0.052394
16825,26184,10559,0.105779,0.026893
16776,26390,10549,0.097995,0.053093
16726,26596,10539,0.073843,0.036777
16676,26803,10529,0.067004,0.011559
16626,27009,10519,0.102937,0.030767
16576,27215,10509,0.115295,0.014714
16527,27421,10499,0.489481,0.15017
16477,27627,10489,1.399101,0.375694
16314,27784,10482,0.12465,0.026935
16152,27941,10475,0.074294,0.022104
15990,28098,10467,0.147982,0.011655
15827,28254,10460,0.146703,0.04303
15664,28411,10453,0.151014,0.052723
15502,28568,10446,0.050761,0.013971
15345,28732,10438,0.06875,0.012057
15188,28897,10430,0.056486,0.022779
15031,29061,10423,0.043915,0.009525
14874,29226,10415,0.050098,0.01188
14717,29390,10407,0.059903,0.021266
14587,29589,10398,0.059803,0.011532
14457,29787,10389,0.076275,0.010218
14328,29986,10379,0.074873,0.028656
14198,30184,10370,0.112965,0.051057
14068,30383,10360,0.234932,0.160147
13900,30548,10353,0.096148,0.033647
13732,30713,10345,0.102146,0.027746
13565,30878,10337,0.099031,0.029583
13397,31043,10330,0.096001,0.007016
13281,31213,10322,0.146114,0.053545
13165,31383,10313,0.436713,0.075246
13050,31552,10305,0.740592,0.301768
12934,31722,10297,0.401407,0.22029
12818,31892,10289,0.488572,0.066114
12386,31993,10286,0.051121,0.015598
12569,31903,10289,0.061192,0.012915
12751,31812,10293,0.106681,0.0039
12211,31985,10286,0.067229,0.010411
12421,31877,10291,0.042131,0.013241
12630,31769,10296,0.044672,0.013686
12840,31661,10301,0.064374,0.022124
11994,32000,10286,0.043121,0.00794
12190,31897,10291,0.043821,0.003215
12385,31794,10295,0.040161,0.004619
12580,31691,10300,0.04069,0.006973
12775,31588,10304,0.046945,0.005087
12970,31486,10309,0.114111,0.046444
11784,32013,10286,0.035539,0.006938
11971,31913,10291,0.05003,0.009294
12158,31813,10295,0.05683,0.00879
12346,31713,10299,0.051938,0.008597
12533,31613,10304,0.035488,0.009041
12720,31513,10308,0.039395,0.010805
12907,31413,10313,0.04392,0.009418
13094,31313,10317,0.085262,0.040392
11577,32025,10286,0.029287,0.007719
11759,31927,10290,0.035265,0.005715
11941,31828,10295,0.042163,0.009263
12123,31730,10299,0.051109,0.010952
12305,31632,10303,0.044743,0.006409
12487,31534,10308,0.039227,0.006834
12669,31436,10312,0.03882,0.006301
12851,31338,10316,0.038117,0.007894
13033,31239,10321,0.043378,0.006237
13215,31141,10325,0.055053,0.014496
11375,32036,10286,0.028699,0.01082
11558,31940,10290,0.027741,0.005607
11740,31843,10295,0.036633,0.009507
11922,31747,10299,0.035213,0.005337
12105,31650,10303,0.043788,0.004081
12287,31554,10307,0.045936,0.004932
12470,31457,10312,0.047715,0.005703
12652,31361,10316,0.033617,0.004033
12835,31264,10320,0.037393,0.006891
13017,31168,10324,0.043768,0.007552
13200,31071,10329,0.040103,0.003279
13382,30975,10333,0.043504,0.008951
11173,32048,10286,0.029417,0.003096
11356,31952,10290,0.028176,0.007809
11539,31857,10294,0.030597,0.006255
11722,31762,10299,0.030057,0.00814
11904,31666,10303,0.033047,0.010311
12087,31571,10307,0.037153,0.005061
12270,31476,10311,0.049745,0.009088
12453,31380,10315,0.050874,0.01284
12636,31285,10320,0.045924,0.008722
12818,31190,10324,0.036422,0.01245
13001,31094,10328,0.043452,0.00396
13184,30999,10332,0.037305,0.004855
13367,30904,10336,0.043117,0.010843
13550,30808,10341,0.052085,0.012896
10971,32059,10286,0.037049,0.00579
11154,31964,10290,0.04162,0.003114
11337,31870,10294,0.030056,0.004921
11520,31775,10298,0.029718,0.004654
11704,31681,10303,0.03131,0.006593
11887,31587,10307,0.027257,0.00591
12070,31492,10311,0.030606,0.004676
12253,31398,10315,0.038602,0.011339
12436,31303,10319,0.039242,0.004591
12619,31209,10323,0.046538,0.005267
12802,31114,10328,0.036304,0.007687
12985,31020,10332,0.036741,0.003597
13168,30926,10336,0.043526,0.004268
13351,30831,10340,0.043569,0.009333
13534,30737,10344,0.044335,0.009956
13717,30642,10348,0.070846,0.026179
10769,32069,10286,0.02844,0.00537
10953,31976,10290,0.036644,0.008478
11136,31882,10294,0.035062,0.006375
11319,31788,10298,0.041054,0.003692
11502,31695,10302,0.031214,0.01078
11686,31601,10307,0.027344,0.004408
11869,31507,10311,0.033466,0.009629
12052,31414,10315,0.031987,0.006171
12235,31320,10319,0.037544,0.008304
12419,31226,10323,0.046475,0.009889
12602,31132,10327,0.047811,0.004247
12785,31039,10331,0.049374,0.010862
12968,30945,10335,0.035483,0.004242
13152,30851,10340,0.034332,0.007291
13335,30758,10344,0.0429,0.008117
13518,30664,10348,0.04037,0.008807
13701,30570,10352,0.057542,0.014269
13885,30477,10356,0.062298,0.023748
10907,31906,10294,0.043673,0.005263
11090,31810,10298,0.030205,0.013026
11273,31715,10302,0.034188,0.007621
11456,31619,10306,0.041103,0.007746
11638,31524,10310,0.032412,0.004655
11821,31428,10315,0.030136,0.004492
12004,31332,10319,0.030918,0.006978
12187,31237,10323,0.03249,0.004117
12370,31141,10327,0.037345,0.007165
12553,31045,10332,0.043002,0.003628
12735,30950,10336,0.047148,0.003247
12918,30854,10340,0.050346,0.005249
13101,30758,10344,0.040722,0.006967
13284,30663,10349,0.039377,0.007328
13467,30567,10353,0.048288,0.001454
13649,30471,10357,0.040263,0.009149
13832,30376,10361,0.048169,0.007959
14015,30280,10365,0.052523,0.008624
11045,31743,10301,0.03009,0.006973
11228,31645,10306,0.042679,0.007153
11410,31548,10310,0.037569,0.008291
11592,31450,10314,0.045408,0.004297
11775,31352,10319,0.037347,0.009282
11957,31255,10323,0.02599,0.003033
12139,31157,10327,0.028963,0.006111
12322,31060,10331,0.032498,0.0063
12504,30962,10336,0.035001,0.004059
12686,30864,10340,0.040185,0.003813
12869,30767,10344,0.050627,0.006525
13051,30669,10349,0.049131,0.006159
13233,30572,10353,0.052476,0.004462
13416,30474,10357,0.034438,0.00428
13598,30376,10362,0.042959,0.012696
13781,30279,10366,0.041122,0.009285
13963,30181,10370,0.049349,0.00537
14145,30083,10375,0.053857,0.018038
11183,31580,10309,0.037048,0.010773
11365,31480,10313,0.028043,0.006979
11547,31381,10318,0.044948,0.005883
11729,31281,10322,0.051653,0.009289
11911,31181,10327,0.032975,0.00628
12093,31082,10331,0.02778,0.004445
12275,30982,10335,0.031709,0.005407
12456,30883,10340,0.032847,0.008275
12638,30783,10344,0.037834,0.004415
12820,30684,10349,0.039851,0.014313
13002,30584,10353,0.045122,0.007508
13184,30484,10358,0.044149,0.007954
13366,30385,10362,0.055947,0.004095
13548,30285,10366,0.037794,0.002921
13730,30186,10371,0.042485,0.012385
13912,30086,10375,0.042823,0.005435
14094,29986,10380,0.04438,0.013653
14275,29887,10384,0.049547,0.010042
11321,31417,10317,0.041492,0.016734
11503,31315,10321,0.036216,0.008605
11684,31214,10326,0.043976,0.00671
11865,31112,10330,0.047747,0.007243
12047,31010,10335,0.033901,0.010347
12228,30909,10339,0.035511,0.004106
12410,30807,10344,0.033376,0.005371
12591,30706,10348,0.034381,0.004531
12773,30604,10353,0.038652,0.00603
12954,30503,10357,0.039989,0.006382
13136,30401,10362,0.045231,0.012704
13317,30300,10366,0.0474,0.009395
13498,30198,10371,0.054913,0.010386
13680,30096,10375,0.045266,0.012371
13861,29995,10380,0.042157,0.005901
14043,29893,10384,0.043651,0.005775
14224,29792,10389,0.033029,0.004769
14406,29690,10393,0.057485,0.014425
11459,31253,10324,0.03959,0.015355
11640,31150,10329,0.03495,0.006488
11821,31046,10333,0.046488,0.008861
12002,30943,10338,0.040601,0.005597
12183,30839,10343,0.036134,0.005356
12364,30736,10347,0.036872,0.007412
12545,30632,10352,0.036742,0.010291
12726,30529,10357,0.032152,0.005832
12907,30425,10361,0.030612,0.006952
13088,30322,10366,0.037008,0.007467
13269,30218,10370,0.03648,0.006147
13450,30115,10375,0.050852,0.006469
13631,30011,10380,0.054845,0.00649
13812,29908,10384,0.043074,0.012892
13993,29804,10389,0.037456,0.008153
14174,29701,10393,0.04187,0.009661
14355,29597,10398,0.040803,0.007766
14536,29494,10403,0.04938,0.010954
11605,31080,10332,0.039164,0.01491
11787,30977,10337,0.033061,0.008397
11968,30874,10342,0.041191,0.008251
12150,30771,10346,0.046488,0.005458
12332,30668,10351,0.036579,0.00948
12513,30565,10355,0.030433,0.006224
12695,30462,10360,0.031802,0.006961
12876,30359,10364,0.032117,0.006958
13058,30256,10369,0.032317,0.007072
13240,30153,10374,0.032961,0.006785
13421,30050,10378,0.034889,0.005496
13603,29947,10383,0.045149,0.008006
13784,29844,10387,0.056239,0.00948
13966,29741,10392,0.032199,0.003818
14148,29638,10397,0.042709,0.003435
14329,29535,10401,0.043673,0.004468
14511,29432,10406,0.048089,0.008856
14692,29329,10410,0.043546,0.009258
11569,31010,10336,0.870965,0.575781
11751,30907,10340,0.0393,0.013738
11933,30805,10345,0.029188,0.009944
12116,30702,10350,0.045708,0.01208
12298,30600,10354,0.046137,0.005913
12480,30497,10359,0.034228,0.006462
12662,30395,10363,0.034344,0.00895
12844,30292,10368,0.028892,0.004824
13027,30189,10372,0.030313,0.00414
13209,30087,10377,0.032022,0.005512
13391,29984,10382,0.039725,0.005928
13573,29882,10386,0.041256,0.008772
13756,29779,10391,0.044313,0.005861
13938,29677,10395,0.042554,0.00831
14120,29574,10400,0.039414,0.010435
14302,29471,10404,0.044473,0.008613
14484,29369,10409,0.038267,0.008131
14667,29266,10414,0.054817,0.005969
14849,29164,10418,0.042639,0.008508
11897,30734,10349,0.031676,0.009533
12080,30632,10353,0.030623,0.003591
12263,30530,10358,0.053893,0.010328
12446,30428,10362,0.03728,0.005181
12629,30326,10367,0.032979,0.002792
12811,30224,10371,0.026787,0.001943
12994,30122,10376,0.027519,0.004416
13177,30020,10380,0.032301,0.006149
13360,29918,10385,0.033057,0.014805
13543,29816,10389,0.030025,0.001367
13725,29714,10394,0.046316,0.006149
13908,29611,10399,0.052187,0.007425
14091,29509,10403,0.036929,0.010411
14274,29407,10408,0.038477,0.009815
14457,29305,10412,0.043627,0.008622
14640,29203,10417,0.055932,0.007908
14822,29101,10421,0.045859,0.005138
15005,28999,10426,0.039549,0.003612
11860,30663,10352,0.397833,0.457458
12043,30561,10357,0.049158,0.017621
12227,30460,10361,0.054884,0.02195
12410,30358,10366,0.039671,0.007394
12594,30257,10370,0.04266,0.00442
12777,30155,10375,0.032638,0.009722
12961,30053,10379,0.031608,0.00768
13144,29952,10384,0.037657,0.009609
13327,29850,10388,0.031807,0.006305
13511,29749,10393,0.031182,0.004705
13694,29647,10397,0.037338,0.007278
13878,29545,10402,0.049181,0.004234
14061,29444,10406,0.054096,0.014676
14244,29342,10411,0.039209,0.003313
14428,29240,10415,0.04617,0.012781
14611,29139,10420,0.045396,0.007608
14795,29037,10424,0.04965,0.005764
14978,28936,10429,0.051596,0.007633
15162,28834,10433,0.036247,0.011009
12190,30388,10365,0.127637,0.063771
12374,30287,10369,0.029378,0.006346
12558,30186,10374,0.032096,0.007306
12742,30085,10378,0.042265,0.012072
12926,29984,10383,0.028382,0.002856
13110,29883,10387,0.031799,0.004773
13294,29782,10392,0.03122,0.00702
13478,29680,10396,0.031495,0.010091
13662,29579,10401,0.035801,0.007315
13846,29478,10405,0.043735,0.008548
14030,29377,10410,0.049632,0.004311
14214,29276,10414,0.044925,0.010216
14398,29175,10419,0.039761,0.004045
14582,29074,10423,0.044123,0.007514
14766,28973,10428,0.049934,0.008907
14950,28871,10432,0.050862,0.008494
15134,28770,10437,0.037929,0.009539
15318,28669,10441,0.048638,0.02195
12336,30216,10373,0.02821,0.00943
12521,30115,10377,0.03813,0.007917
12706,30015,10382,0.032207,0.008973
12891,29915,10386,0.049205,0.005707
13076,29815,10391,0.026933,0.007365
13261,29714,10395,0.030891,0.004796
13445,29614,10400,0.036033,0.004568
13630,29514,10404,0.030316,0.007495
13815,29414,10408,0.033966,0.005505
14000,29313,10413,0.040971,0.006674
14185,29213,10417,0.052455,0.004346
14370,29113,10422,0.045606,0.005437
14555,29013,10426,0.037431,0.006148
14740,28912,10431,0.051729,0.009701
14925,28812,10435,0.048428,0.006026
15110,28712,10440,0.039308,0.007283
15295,28612,10444,0.036458,0.012176
15480,28511,10449,0.072542,0.015635
12444,30040,10381,0.027084,0.009888
12622,29946,10385,0.027832,0.00658
12800,29852,10390,0.036986,0.00839
12978,29758,10394,0.045567,0.009511
13156,29664,10398,0.030407,0.006922
13334,29570,10402,0.02992,0.005737
13512,29476,10406,0.029321,0.008231
13690,29382,10410,0.028768,0.007427
13868,29288,10415,0.034892,0.004849
14046,29194,10419,0.044845,0.008601
14224,29100,10423,0.045981,0.003139
14403,29006,10427,0.0445,0.014571
14581,28912,10431,0.053871,0.013619
14759,28818,10435,0.047061,0.010161
14937,28724,10439,0.057985,0.007429
15115,28630,10444,0.042457,0.014924
15293,28536,10448,0.035971,0.004718
15471,28442,10452,0.076759,0.017847
15649,28348,10456,0.082345,0.026434
12381,29952,10386,0.383201,0.3448
12561,29859,10390,0.027402,0.004833
12742,29766,10394,0.028546,0.010992
12922,29674,10398,0.03842,0.005739
13103,29581,10402,0.046314,0.006964
13283,29488,10406,0.030958,0.010862
13463,29395,10410,0.023569,0.002917
13644,29303,10414,0.025994,0.007085
13824,29210,10418,0.027658,0.002422
14005,29117,10423,0.040201,0.007617
14185,29025,10427,0.040326,0.008295
14366,28932,10431,0.050006,0.007566
14546,28839,10435,0.049484,0.01684
14726,28746,10439,0.046274,0.013694
14907,28654,10443,0.053152,0.008777
15087,28561,10447,0.045416,0.010332
15268,28468,10451,0.041662,0.014491
15448,28376,10455,0.052224,0.004832
15629,28283,10459,0.040419,0.009169
15809,28190,10463,0.098963,0.038972
12678,29678,10398,0.023947,0.009382
12861,29587,10402,0.027826,0.012004
13044,29495,10406,0.035732,0.009803
13227,29404,10410,0.038555,0.008983
13410,29312,10415,0.032358,0.005428
13593,29221,10419,0.02649,0.001099
13775,29130,10423,0.027391,0.006237
13958,29038,10427,0.034699,0.00877
14141,28947,10431,0.038729,0.006586
14324,28855,10435,0.047554,0.005525
14507,28764,10439,0.04122,0.006518
14689,28672,10443,0.047252,0.011699
14872,28581,10447,0.044453,0.012304
15055,28489,10451,0.053413,0.009524
15238,28398,10455,0.035609,0.004784
15421,28306,10459,0.043237,0.018354
15604,28215,10463,0.056157,0.014646
15786,28124,10467,0.044945,0.008565
15969,28032,10471,0.096993,0.021861
12796,29497,10407,0.025711,0.004341
12981,29407,10411,0.027628,0.006549
13166,29317,10415,0.035056,0.01054
13351,29227,10419,0.03245,0.00754
13537,29137,10423,0.028793,0.010605
13722,29046,10427,0.025794,0.002622
13907,28956,10431,0.028643,0.007357
14092,28866,10435,0.033657,0.009374
14277,28776,10439,0.049731,0.012388
14463,28686,10443,0.05391,0.009806
14648,28596,10447,0.039243,0.007505
14833,28505,10450,0.038746,0.006487
15018,28415,10454,0.057506,0.013348
15203,28325,10458,0.046801,0.0092
15389,28235,10462,0.035887,0.008016
15574,28145,10466,0.049796,0.008074
15759,28054,10470,0.03888,0.004791
15944,27964,10474,0.073163,0.043566
16129,27874,10478,0.082497,0.034
12913,29317,10416,0.024571,0.011712
13101,29228,10419,0.023878,0.006627
13288,29139,10423,0.035683,0.005901
13476,29050,10427,0.036187,0.011171
13663,28961,10431,0.027938,0.005341
13851,28872,10435,0.024616,0.003573
14038,28783,10439,0.027994,0.009983
14226,28694,10443,0.035615,0.004888
14414,28605,10447,0.041521,0.00507
14601,28516,10451,0.040342,0.007232
14789,28427,10454,0.043105,0.009798
14976,28338,10458,0.040555,0.002592
15164,28249,10462,0.050051,0.006233
15352,28161,10466,0.03699,0.010559
15539,28072,10470,0.046206,0.010359
15727,27983,10474,0.042058,0.004517
15914,27894,10478,0.044977,0.010517
16102,27805,10482,0.061317,0.042511
16289,27716,10485,0.191755,0.069927
13025,29133,10424,0.030373,0.008125
13209,29043,10428,0.023972,0.006114
13393,28953,10432,0.03401,0.006961
13578,28863,10436,0.04167,0.009593
13762,28773,10440,0.033416,0.009393
13946,28683,10444,0.028841,0.005981
14131,28592,10448,0.030051,0.01203
14315,28502,10452,0.032378,0.010907
14499,28412,10456,0.041176,0.001933
14684,28322,10460,0.041275,0.005322
14868,28232,10464,0.045686,0.010183
15052,28142,10468,0.057248,0.010857
15237,28052,10472,0.050521,0.003805
15421,27962,10476,0.038068,0.009736
15605,27871,10480,0.046066,0.011006
15789,27781,10484,0.067449,0.007403
15974,27691,10488,0.044934,0.011868
16158,27601,10491,0.036572,0.00645
16342,27511,10495,0.085255,0.02961
13136,28950,10433,0.031463,0.009259
13317,28859,10437,0.037293,0.015422
13498,28767,10441,0.039248,0.012382
13679,28676,10445,0.041002,0.004979
13861,28585,10449,0.028903,0.010048
14042,28493,10453,0.024307,0.006459
14223,28402,10457,0.03218,0.008785
14404,28311,10461,0.034225,0.008058
14585,28219,10465,0.037609,0.006003
14766,28128,10469,0.042069,0.007172
14947,28037,10473,0.045848,0.005554
15128,27945,10477,0.041021,0.011626
15309,27854,10481,0.052087,0.019705
15490,27763,10485,0.04297,0.013156
15671,27671,10489,0.041219,0.010264
15852,27580,10493,0.061828,0.010292
16033,27489,10497,0.043491,0.011604
16214,27397,10501,0.035021,0.013834
16395,27306,10505,0.082308,0.026413
13070,28859,10438,0.343502,0.25887
13248,28767,10442,0.034694,0.011442
13426,28674,10446,0.029006,0.004159
13604,28582,10450,0.035172,0.007105
13781,28489,10454,0.035485,0.006046
13959,28396,10458,0.025623,0.004879
14137,28304,10462,0.030414,0.011339
14315,28211,10466,0.029854,0.01023
14493,28119,10470,0.036942,0.007434
14670,28026,10474,0.042649,0.014329
14848,27934,10479,0.035036,0.007844
15026,27841,10483,0.037381,0.00618
15204,27749,10487,0.038541,0.014552
15382,27656,10491,0.054359,0.003091
15559,27564,10495,0.044769,0.004828
15737,27471,10499,0.050911,0.015591
15915,27379,10503,0.060371,0.009728
16093,27286,10507,0.027947,0.003731
16271,27194,10511,0.032061,0.007854
16448,27101,10515,0.042999,0.015486
13369,28578,10451,0.028387,0.006567
13552,28480,10455,0.033565,0.006483
13736,28381,10459,0.036354,0.004499
13920,28282,10464,0.031601,0.005522
14104,28184,10468,0.016724,0.001138
14287,28085,10473,0.021382,0.004137
14471,27986,10477,0.041814,0.011565
14655,27888,10481,0.050998,0.013785
14839,27789,10486,0.054791,0.01197
15022,27690,10490,0.040494,0.007264
15206,27592,10494,0.040411,0.007623
15390,27493,10499,0.044759,0.008264
15574,27394,10503,0.052929,0.023541
15757,27296,10507,0.040079,0.015259
15941,27197,10512,0.047719,0.010168
16125,27098,10516,0.028789,0.007514
16309,27000,10521,0.032324,0.006095
16492,26901,10525,0.036369,0.008451
13465,28385,10460,0.030114,0.008086
13646,28286,10464,0.024861,0.004218
13827,28187,10469,0.033108,0.006758
14008,28087,10473,0.040292,0.011168
14190,27988,10478,0.028849,0.009277
14371,27888,10482,0.023024,0.006052
14552,27789,10486,0.033051,0.009102
14733,27690,10491,0.038222,0.008283
14914,27590,10495,0.050644,0.007912
15095,27491,10500,0.035704,0.016745
15276,27392,10504,0.036592,0.012082
15458,27292,10508,0.0449,0.002778
15639,27193,10513,0.051965,0.008697
15820,27093,10517,0.04072,0.017768
16001,26994,10522,0.054589,0.015753
16182,26895,10526,0.034254,0.017943
16363,26795,10531,0.036252,0.013538
16545,26696,10535,0.032827,0.007296
13561,28193,10469,0.024739,0.00591
13740,28092,10474,0.026029,0.006229
13918,27992,10478,0.042648,0.006119
14097,27892,10483,0.042224,0.006977
14275,27792,10487,0.021834,0.007985
14454,27692,10491,0.026154,0.007872
14633,27592,10496,0.025635,0.007983
14811,27492,10500,0.034226,0.005058
14990,27392,10505,0.03441,0.005659
15168,27291,10509,0.032169,0.003912
15347,27191,10514,0.040133,0.006676
15525,27091,10518,0.06037,0.01666
15704,26991,10523,0.052003,0.00654
15883,26891,10527,0.039457,0.013356
16061,26791,10532,0.046317,0.006141
16240,26691,10536,0.037974,0.010498
16418,26591,10540,0.03895,0.009845
16597,26490,10545,0.032195,0.008995
13657,28000,10478,0.037193,0.0161
13833,27899,10483,0.031981,0.009563
14009,27798,10487,0.038458,0.00562
14185,27697,10492,0.03383,0.005049
14361,27596,10496,0.031774,0.008947
14537,27495,10501,0.028538,0.012403
14713,27395,10505,0.02663,0.007178
14889,27294,10510,0.036873,0.006531
15065,27193,10514,0.042914,0.005041
15241,27092,10519,0.035948,0.003659
15417,26991,10523,0.039154,0.012733
15593,26890,10528,0.056592,0.006948
15769,26789,10532,0.058894,0.006411
15945,26688,10537,0.039789,0.015007
16121,26588,10541,0.043246,0.015159
16297,26487,10546,0.040344,0.006783
16473,26386,10550,0.037229,0.016317
16649,26285,10555,0.034613,0.009018
13753,27807,10488,0.034632,0.008408
13927,27705,10492,0.030924,0.00822
14100,27604,10497,0.039631,0.012779
14274,27502,10501,0.044678,0.00889
14447,27400,10506,0.025668,0.007154
14620,27299,10510,0.031182,0.010732
14794,27197,10515,0.02935,0.005463
14967,27096,10519,0.03708,0.007319
15141,26994,10524,0.053538,0.01661
15314,26892,10528,0.033044,0.004216
15488,26791,10533,0.042672,0.010916
15661,26689,10538,0.057408,0.009522
15834,26588,10542,0.05694,0.019282
16008,26486,10547,0.042064,0.012198
16181,26384,10551,0.043591,0.008078
16355,26283,10556,0.033058,0.00533
16528,26181,10560,0.034102,0.008716
16702,26080,10565,0.034647,0.008174
13679,27716,10492,0.1103,0.018638
13858,27607,10497,0.026801,0.007762
14037,27498,10502,0.034719,0.005323
14217,27389,10507,0.041781,0.00617
14396,27280,10512,0.033972,0.003949
14576,27171,10517,0.025643,0.002736
14755,27062,10522,0.026512,0.003006
14935,26953,10526,0.02802,0.008656
15114,26844,10531,0.040402,0.011577
15293,26735,10536,0.062018,0.005701
15473,26626,10541,0.04113,0.009025
15652,26517,10546,0.035869,0.007209
15832,26408,10551,0.051901,0.01931
16011,26299,10556,0.042646,0.008883
16191,26190,10561,0.050373,0.019364
16370,26081,10566,0.06477,0.008665
16549,25972,10570,0.035703,0.012704
16729,25863,10575,0.038472,0.014788
13953,27413,10506,0.037977,0.009615
14129,27303,10511,0.025779,0.004102
14305,27192,10516,0.041983,0.007777
14480,27081,10521,0.035453,0.004498
14656,26970,10526,0.026042,0.004957
14832,26860,10531,0.030126,0.008355
15008,26749,10536,0.031385,0.008452
15184,26638,10541,0.03546,0.004186
15359,26527,10546,0.06666,0.009775
15535,26417,10551,0.034968,0.005255
15711,26306,10556,0.040933,0.008813
15887,26195,10561,0.048784,0.015762
16063,26084,10566,0.051818,0.00929
16238,25974,10571,0.052527,0.023133
16414,25863,10576,0.059811,0.009696
16590,25752,10581,0.043421,0.019801
16766,25641,10586,0.038892,0.008862
14048,27220,10516,0.034516,0.007629
14220,27107,10521,0.035521,0.007597
14392,26995,10526,0.048677,0.009622
14565,26882,10531,0.031002,0.004798
14737,26770,10536,0.025684,0.004374
14909,26657,10541,0.022219,0.004869
15081,26545,10546,0.035976,0.005372
15253,26432,10551,0.046896,0.009808
15426,26320,10556,0.051667,0.005971
15598,26207,10561,0.044228,0.019369
15770,26094,10566,0.035181,0.008634
15942,25982,10572,0.052556,0.00954
16114,25870,10577,0.044722,0.013796
16286,25757,10582,0.044136,0.019838
16458,25644,10587,0.06063,0.007996
16631,25532,10592,0.036671,0.012942
16803,25420,10597,0.03912,0.007743
14105,27010,10526,0.027661,0.010652
14275,26897,10531,0.034741,0.005989
14446,26783,10536,0.043103,0.005447
14617,26670,10541,0.034776,0.013027
14788,26557,10546,0.031606,0.010413
14959,26443,10551,0.026737,0.008094
15129,26330,10557,0.032296,0.007288
15300,26217,10562,0.036752,0.003873
15471,26103,10567,0.055005,0.009209
15642,25990,10572,0.034102,0.007331
15813,25877,10577,0.048953,0.019696
15983,25763,10582,0.060475,0.011537
16154,25650,10587,0.033888,0.007571
16325,25537,10592,0.047183,0.009388
16496,25423,10598,0.05948,0.011971
16667,25310,10603,0.040715,0.018194
16838,25197,10608,0.034175,0.010029
14161,26801,10536,0.03353,0.008402
14330,26687,10541,0.027778,0.004081
14500,26572,10546,0.039786,0.010948
14669,26458,10551,0.036335,0.017147
14839,26344,10557,0.027193,0.006672
15008,26230,10562,0.031473,0.006524
15178,26116,10567,0.034865,0.008313
15347,26001,10572,0.045197,0.005961
15517,25887,10577,0.048941,0.010771
15686,25773,10582,0.036778,0.005365
15855,25659,10588,0.045613,0.01301
16025,25545,10593,0.051829,0.010252
16194,25431,10598,0.033945,0.006986
16364,25316,10603,0.036036,0.005656
16533,25202,10608,0.048725,0.017273
16703,25088,10613,0.038198,0.014008
16872,24974,10619,0.047001,0.018128
14217,26591,10546,0.060126,0.015685
14385,26476,10551,0.039023,0.012868
14553,26361,10557,0.035923,0.005154
14722,26246,10562,0.032437,0.0099
14890,26131,10567,0.027727,0.003397
15058,26016,10572,0.030577,0.013579
15226,25901,10577,0.032445,0.00803
15394,25786,10583,0.040487,0.007711
15562,25671,10588,0.052107,0.016424
15730,25556,10593,0.041325,0.009442
15898,25441,10598,0.052841,0.005933
16066,25326,10603,0.057389,0.013143
16234,25211,10609,0.03862,0.007304
16403,25096,10614,0.056681,0.017096
16571,24981,10619,0.034725,0.008076
16739,24866,10624,0.030434,0.006546
16907,24751,10630,0.043618,0.016589
14278,26376,10556,0.044074,0.017214
14448,26254,10562,0.034345,0.007119
14619,26132,10568,0.043611,0.010846
14790,26009,10573,0.035789,0.00669
14960,25887,10579,0.028165,0.006255
15131,25765,10584,0.031342,0.007486
15302,25643,10590,0.037422,0.004887
15472,25521,10595,0.046736,0.007898
15643,25399,10601,0.036343,0.009665
15814,25277,10607,0.032459,0.004343
15985,25155,10612,0.051305,0.016165
16155,25033,10618,0.046885,0.011021
16326,24911,10623,0.041842,0.010921
16497,24789,10629,0.08598,0.021743
16667,24667,10634,0.036203,0.007906
16838,24545,10640,0.042366,0.016596
14328,26167,10567,0.039681,0.018303
14491,26044,10572,0.03599,0.010072
14655,25922,10578,0.043636,0.00825
14818,25800,10583,0.034257,0.00749
14982,25677,10589,0.024546,0.005994
15145,25555,10595,0.026814,0.004049
15308,25433,10600,0.036139,0.006287
15472,25310,10606,0.042627,0.004307
15635,25188,10611,0.032561,0.009883
15799,25066,10617,0.038304,0.006846
15962,24943,10623,0.05603,0.012378
16125,24821,10628,0.040204,0.007255
16289,24698,10634,0.039749,0.01058
16452,24576,10639,0.063383,0.012468
16616,24454,10645,0.031072,0.008569
16779,24331,10650,0.038876,0.017819
14222,26081,10571,0.147741,0.093489
14388,25950,10577,0.024142,0.007035
14554,25820,10583,0.034867,0.012245
14720,25690,10589,0.046331,0.006878
14886,25559,10595,0.026798,0.006069
15052,25429,10601,0.026643,0.008576
15218,25299,10607,0.029056,0.005758
15383,25168,10613,0.045407,0.006621
15549,25038,10619,0.056804,0.010852
15715,24908,10625,0.038386,0.009917
15881,24777,10631,0.038355,0.008293
16047,24647,10637,0.055619,0.013951
16213,24517,10643,0.047098,0.022497
16379,24386,10649,0.054094,0.01292
16545,24256,10655,0.036116,0.006433
16710,24126,10661,0.032064,0.013412
14438,25741,10587,0.031429,0.005751
14596,25611,10593,0.05022,0.030672
14754,25480,10599,0.043179,0.006358
14912,25350,10605,0.034141,0.010422
15071,25219,10611,0.022168,0.007516
15229,25088,10617,0.02747,0.007633
15387,24958,10623,0.047251,0.006274
15545,24827,10629,0.049188,0.00554
15703,24696,10635,0.037167,0.009424
15861,24566,10641,0.038483,0.004836
16019,24435,10647,0.059262,0.014578
16177,24304,10653,0.040298,0.008549
16336,24174,10659,0.048283,0.018093
16494,24043,10665,0.044088,0.009889
16652,23913,10671,0.037439,0.011369
14296,25643,10592,0.12845,0.040902
14457,25505,10599,0.03789,0.027123
14619,25367,10605,0.037103,0.005494
14781,25229,10612,0.050851,0.007441
14943,25092,10618,0.025606,0.008617
15104,24954,10624,0.023445,0.006067
15266,24816,10631,0.034726,0.011185
15428,24679,10637,0.055945,0.009459
15589,24541,10643,0.044561,0.007467
15751,24403,10650,0.042448,0.009508
15913,24265,10656,0.06064,0.009066
16075,24128,10662,0.051402,0.010996
16236,23990,10669,0.045676,0.01918
16398,23852,10675,0.075865,0.007153
16560,23714,10681,0.051393,0.019504
14466,25277,10610,0.051034,0.017175
14621,25141,10616,0.02721,0.001994
14776,25005,10623,0.05137,0.013784
14930,24869,10629,0.030572,0.010166
15085,24733,10635,0.022339,0.004098
15240,24596,10641,0.026249,0.003216
15395,24460,10648,0.052901,0.011439
15549,24324,10654,0.061577,0.004642
15704,24188,10660,0.03535,0.007507
15859,24052,10667,0.048253,0.007773
16014,23916,10673,0.056444,0.011119
16169,23780,10679,0.04714,0.011428
16323,23643,10685,0.069093,0.013498
16478,23507,10692,0.037119,0.017278
14485,25040,10622,0.034175,0.012678
14644,24896,10628,0.035358,0.005246
14802,24752,10635,0.050264,0.008809
14960,24607,10642,0.03477,0.011007
15119,24463,10648,0.022691,0.005236
15277,24319,10655,0.037193,0.005137
15436,24175,10662,0.052437,0.007962
15594,24031,10668,0.036001,0.013752
15752,23887,10675,0.040817,0.011152
15911,23742,10682,0.051655,0.009077
16069,23598,10688,0.040328,0.00379
16227,23454,10695,0.053694,0.011087
16386,23310,10702,0.042354,0.010574
14494,24812,10633,0.031138,0.013263
14645,24670,10639,0.036091,0.006074
14795,24527,10646,0.053279,0.008305
14946,24385,10653,0.034035,0.00768
15097,24242,10659,0.023532,0.003285
15248,24100,10666,0.041769,0.005664
15399,23958,10672,0.055585,0.012541
15550,23815,10679,0.038319,0.00751
15701,23673,10686,0.039046,0.004677
15852,23530,10692,0.061514,0.016901
16003,23388,10699,0.041315,0.006192
16154,23245,10705,0.046196,0.012717
16305,23103,10712,0.056109,0.023855
14502,24585,10644,0.030409,0.010098
14645,24444,10650,0.040004,0.006052
14789,24303,10657,0.041685,0.00748
14932,24162,10664,0.028684,0.00248
15076,24022,10670,0.0323,0.007146
15219,23881,10677,0.033085,0.006992
15363,23740,10683,0.060365,0.012211
15506,23599,10690,0.045383,0.00509
15650,23459,10696,0.039199,0.005626
15793,23318,10703,0.057322,0.005616
15937,23177,10709,0.051717,0.014181
16080,23036,10716,0.033935,0.002842
16224,22896,10722,0.077418,0.015593
14522,24345,10656,0.02955,0.003874
14669,24194,10663,0.034055,0.005033
14817,24043,10670,0.058549,0.010199
14964,23892,10677,0.028394,0.005565
15112,23740,10684,0.028863,0.008589
15259,23589,10691,0.04584,0.00634
15407,23438,10698,0.061449,0.007033
15555,23287,10705,0.038288,0.011399
15702,23136,10712,0.044305,0.00888
15850,22985,10719,0.047166,0.007265
15997,22834,10726,0.042357,0.016613
16145,22683,10733,0.068176,0.009148
14516,24119,10667,0.029865,0.009012
14658,23968,10674,0.03768,0.008896
14799,23817,10681,0.054802,0.010595
14941,23667,10688,0.028806,0.007919
15083,23516,10695,0.031764,0.013652
15225,23365,10702,0.03969,0.008834
15367,23214,10709,0.065264,0.010961
15509,23063,10716,0.044539,0.0058
15650,22912,10723,0.043698,0.016681
15792,22761,10730,0.062857,0.014716
15934,22610,10737,0.039421,0.012803
16076,22459,10744,0.059782,0.014843
14510,23894,10678,0.023892,0.004363
14646,23743,10685,0.033591,0.006571
14782,23592,10692,0.054437,0.005476
14918,23442,10699,0.029477,0.009515
15054,23291,10706,0.034184,0.008746
15191,23140,10713,0.039694,0.009536
15327,22989,10720,0.047673,0.010634
15463,22839,10727,0.033715,0.004652
15599,22688,10734,0.036374,0.008613
15735,22537,10741,0.055546,0.010343
15871,22386,10748,0.03966,0.007218
16007,22236,10755,0.061887,0.018755
14515,23656,10689,0.027423,0.005676
14656,23493,10697,0.03983,0.006547
14798,23329,10705,0.045407,0.006402
14939,23166,10712,0.030327,0.003632
15080,23003,10720,0.028703,0.007694
15221,22840,10728,0.051639,0.009322
15363,22677,10735,0.064806,0.014187
15504,22514,10743,0.047042,0.006556
15645,22351,10751,0.057015,0.006914
15786,22188,10758,0.036619,0.010958
15927,22025,10766,0.045725,0.00696
14509,23430,10701,0.028201,0.011966
14644,23267,10708,0.041355,0.004411
14779,23104,10716,0.041358,0.004648
14914,22941,10724,0.029348,0.006151
15049,22778,10731,0.028464,0.003876
15184,22616,10739,0.051482,0.007382
15319,22453,10746,0.065021,0.011524
15454,22290,10754,0.041906,0.010966
15589,22127,10762,0.059317,0.009615
15724,21964,10769,0.052447,0.017173
15859,21801,10777,0.03236,0.004809
14474,23228,10711,0.027717,0.002749
14608,23062,10718,0.040183,0.005759
14742,22897,10726,0.052445,0.004094
14875,22731,10734,0.02693,0.005616
15009,22565,10742,0.027439,0.00541
15142,22400,10750,0.056539,0.008653
15276,22234,10757,0.069065,0.005024
15410,22068,10765,0.040891,0.01563
15543,21902,10773,0.056539,0.005595
15677,21737,10781,0.054105,0.01191
15810,21571,10789,0.040603,0.004187
14440,23026,10721,0.029759,0.010356
14572,22858,10729,0.031349,0.005189
14704,22689,10736,0.050395,0.00731
14836,22521,10744,0.027017,0.003648
14968,22352,10752,0.028034,0.005419
15101,22184,10760,0.05417,0.011739
15233,22015,10768,0.071189,0.005542
15365,21847,10776,0.04382,0.008699
15497,21678,10784,0.057731,0.012259
15630,21510,10792,0.054435,0.014036
15762,21341,10800,0.037879,0.012956
14405,22824,10731,0.026533,0.003013
14536,22653,10739,0.036919,0.007416
14667,22482,10747,0.053362,0.003876
14797,22310,10755,0.030884,0.002791
14928,22139,10763,0.029994,0.00758
15059,21968,10771,0.057996,0.011994
15190,21796,10779,0.072521,0.00472
15321,21625,10787,0.043096,0.008395
15452,21454,10795,0.06986,0.011164
15582,21282,10803,0.056523,0.008297
15713,21111,10811,0.038432,0.008619
14360,22636,10740,0.027772,0.006111
14480,22475,10748,0.036356,0.007995
14599,22314,10755,0.052238,0.006306
14719,22153,10763,0.03618,0.016469
14838,21993,10770,0.025996,0.004345
14958,21832,10778,0.037316,0.004536
15077,21671,10786,0.060191,0.008106
15197,21511,10793,0.04509,0.006158
15316,21350,10801,0.045961,0.014006
15436,21189,10808,0.06296,0.006451
15555,21028,10816,0.04271,0.011259
15675,20868,10823,0.045732,0.007607
14332,22424,10750,0.029371,0.006746
14456,22250,10759,0.035279,0.00874
14581,22076,10767,0.059155,0.005934
14706,21903,10775,0.02451,0.003641
14830,21729,10783,0.025881,0.009119
14955,21556,10791,0.051365,0.008755
15079,21382,10800,0.058026,0.006723
15204,21209,10808,0.045302,0.012496
15328,21035,10816,0.050961,0.00965
15453,20862,10824,0.064065,0.016381
15578,20688,10833,0.037307,0.008968
14294,22225,10760,0.030705,0.005509
14413,22052,10769,0.03626,0.006805
14533,21879,10777,0.060505,0.005296
14653,21706,10785,0.027745,0.00121
14772,21533,10793,0.030775,0.004574
14892,21360,10801,0.044341,0.008789
15012,21187,10809,0.049633,0.005046
15132,21014,10818,0.044261,0.006127
15251,20841,10826,0.043649,0.007146
15371,20668,10834,0.064519,0.015706
15491,20495,10842,0.03909,0.012169
14249,22008,10771,0.037731,0.016969
14365,21837,10779,0.040431,0.004897
14480,21666,10787,0.053404,0.008126
14595,21495,10795,0.030529,0.003925
14711,21325,10803,0.024827,0.004967
14826,21154,10812,0.037712,0.011089
14942,20983,10820,0.057502,0.012916
15057,20812,10828,0.039414,0.011017
15172,20641,10836,0.043963,0.012513
15288,20471,10844,0.077012,0.018722
15403,20300,10852,0.04032,0.012937
14205,21791,10782,0.027392,0.005565
14316,21622,10790,0.036716,0.007651
14427,21454,10798,0.04849,0.006527
14538,21285,10806,0.037992,0.008251
14649,21116,10814,0.028545,0.008811
14760,20948,10822,0.035753,0.00885
14871,20779,10830,0.055095,0.006359
14982,20611,10838,0.041148,0.009791
15093,20442,10846,0.046554,0.010499
15204,20274,10854,0.053926,0.009987
15315,20105,10862,0.044994,0.012552
14170,21558,10793,0.026333,0.007791
14287,21377,10802,0.039361,0.010888
14403,21195,10811,0.063116,0.008054
14520,21014,10819,0.031338,0.006272
14636,20833,10828,0.031097,0.005545
14753,20651,10836,0.062876,0.017576
14869,20470,10845,0.063621,0.006445
14985,20288,10854,0.043899,0.016451
15102,20107,10862,0.067947,0.028726
15218,19925,10871,0.05258,0.011084
14126,21341,10804,0.027711,0.005542
14237,21162,10813,0.036511,0.00706
14349,20983,10821,0.058308,0.004969
14461,20804,10830,0.030904,0.003458
14573,20625,10838,0.046576,0.018175
14684,20446,10847,0.059066,0.009091
14796,20267,10855,0.059248,0.009904
14908,20088,10864,0.051284,0.006301
15019,19909,10872,0.058434,0.018188
15131,19730,10881,0.064424,0.011114
14081,21124,10815,0.029265,0.010678
14188,20948,10823,0.02536,0.003961
14295,20771,10832,0.061826,0.011314
14402,20595,10840,0.03535,0.008786
14509,20418,10849,0.031064,0.008567
14616,20242,10857,0.052325,0.010423
14723,20065,10865,0.063184,0.010248
14830,19888,10874,0.047465,0.013242
14937,19712,10882,0.045965,0.005546
15044,19535,10891,0.063658,0.008679
14027,20920,10825,0.023012,0.004252
14130,20744,10833,0.028203,0.002268
14234,20569,10842,0.053167,0.005568
14337,20394,10850,0.03498,0.004895
14440,20218,10859,0.028348,0.009327
14543,20043,10867,0.044904,0.010271
14646,19868,10875,0.056974,0.005666
14749,19692,10884,0.041759,0.011671
14853,19517,10892,0.053537,0.014162
14956,19341,10900,0.065623,0.014106
13975,20716,10835,0.024807,0.006393
14075,20542,10844,0.030672,0.007684
14176,20368,10852,0.062984,0.006976
14277,20194,10860,0.034662,0.011021
14378,20021,10868,0.029014,0.006079
14478,19847,10877,0.049856,0.009455
14579,19673,10885,0.047859,0.003871
14680,19499,10893,0.054187,0.019136
14780,19325,10902,0.05384,0.01221
14881,19152,10910,0.057256,0.018002
13932,20494,10846,0.024602,0.002071
14040,20305,10855,0.033035,0.011042
14148,20116,10864,0.04764,0.009173
14256,19926,10873,0.032322,0.002883
14364,19737,10882,0.042093,0.009037
14472,19547,10891,0.058236,0.005505
14580,19358,10900,0.053343,0.009304
14689,19168,10909,0.043618,0.012765
14797,18979,10918,0.059186,0.011694
13879,20290,10856,0.027469,0.006148
13985,20103,10865,0.029278,0.009169
14090,19915,10874,0.035944,0.001847
14195,19727,10883,0.029667,0.004296
14301,19540,10892,0.033998,0.007304
14406,19352,10901,0.053856,0.011001
14511,19164,10910,0.050921,0.006076
14617,18977,10919,0.053879,0.015749
14722,18789,10928,0.061318,0.017172
13817,20074,10867,0.03202,0.011388
13921,19890,10876,0.032215,0.005689
14024,19705,10885,0.039014,0.01621
14128,19521,10894,0.03155,0.007394
14232,19336,10902,0.033082,0.005117
14336,19152,10911,0.05826,0.011314
14439,18967,10920,0.044977,0.007322
14543,18782,10929,0.05007,0.016064
14647,18598,10938,0.059737,0.00903
13755,19859,10878,0.029567,0.007744
13857,19677,10887,0.030284,0.005681
13959,19496,10895,0.032673,0.006515
14061,19314,10904,0.032419,0.005955
14163,19133,10913,0.033352,0.008296
14265,18951,10921,0.04946,0.005339
14367,18770,10930,0.042213,0.007981
14469,18588,10939,0.044559,0.011066
14571,18407,10947,0.063085,0.019339
13693,19643,10889,0.029093,0.009322
13793,19464,10897,0.033622,0.009039
13893,19286,10906,0.03806,0.004679
13994,19107,10914,0.029819,0.00452
14094,18929,10923,0.0358,0.007079
14194,18751,10931,0.044822,0.005235
14295,18572,10940,0.050456,0.0072
14395,18394,10948,0.046438,0.011607
14496,18215,10957,0.065651,0.014605
13627,19424,10900,0.026472,0.002729
13722,19247,10908,0.039628,0.010737
13818,19069,10917,0.036508,0.011988
13913,18891,10925,0.033663,0.005116
14008,18714,10934,0.038279,0.003761
14104,18536,10942,0.053859,0.006041
14199,18358,10951,0.040441,0.004736
14294,18181,10959,0.044712,0.008472
14390,18003,10967,0.065838,0.006387
13571,19186,10911,0.029791,0.008208
13672,18990,10921,0.037958,0.006184
13772,18793,10930,0.031101,0.004469
13872,18597,10940,0.03011,0.004959
13973,18400,10949,0.054781,0.007389
14073,18204,10958,0.062136,0.006433
14173,18007,10968,0.054735,0.024111
14274,17811,10977,0.058314,0.00503
13495,18994,10921,0.030988,0.010287
13591,18795,10931,0.038078,0.005593
13687,18596,10940,0.036242,0.003729
13783,18397,10950,0.029925,0.006063
13879,18198,10959,0.046832,0.009511
13975,17999,10969,0.057611,0.005358
14071,17800,10978,0.049145,0.016988
14167,17601,10988,0.05676,0.012024
13419,18801,10931,0.040145,0.00911
13511,18600,10940,0.043884,0.006208
13602,18399,10950,0.043368,0.009948
13694,18197,10960,0.028258,0.006995
13786,17996,10969,0.04388,0.011707
13877,17795,10979,0.0552,0.013662
13969,17594,10989,0.044773,0.012303
14060,17392,10998,0.053206,0.00971
13346,18612,10940,0.031691,0.006191
13435,18411,10950,0.040431,0.009423
13525,18211,10959,0.031296,0.001783
13614,18010,10969,0.032448,0.010204
13704,17810,10979,0.041577,0.004455
13793,17609,10988,0.049365,0.002848
13883,17409,10998,0.045198,0.010155
13972,17208,11008,0.048249,0.01211
13272,18422,10950,0.027568,0.004155
13359,18222,10959,0.038191,0.011289
13447,18023,10969,0.035871,0.013364
13534,17823,10979,0.029277,0.002607
13622,17624,10988,0.039213,0.004428
13709,17424,10998,0.047799,0.011305
13797,17224,11007,0.046229,0.010144
13884,17025,11017,0.050327,0.012442
13198,18233,10959,0.027401,0.005495
13284,18034,10969,0.042315,0.009452
13369,17835,10978,0.037929,0.005357
13455,17636,10988,0.0268,0.003743
13540,17437,10997,0.042541,0.011063
13626,17238,11007,0.056079,0.02134
13711,17040,11017,0.044098,0.007198
13797,16841,11026,0.045869,0.004718
13124,18043,10969,0.03465,0.006752
13208,17845,10978,0.042057,0.005811
13291,17647,10988,0.040389,0.010115
13375,17449,10997,0.024104,0.003788
13458,17251,11007,0.036815,0.009884
13542,17053,11016,0.05247,0.005354
13625,16855,11026,0.040023,0.003475
13709,16657,11035,0.059602,0.016784
13040,17856,10978,0.034359,0.002629
13123,17658,10988,0.035865,0.009794
13206,17461,10997,0.034121,0.005222
13289,17263,11007,0.030136,0.007731
13371,17066,11016,0.044928,0.006929
13454,16868,11026,0.051715,0.011741
13537,16671,11035,0.045669,0.010771
13619,16473,11045,0.050655,0.017856
12955,17668,10988,0.027556,0.008257
13035,17470,10997,0.034263,0.003142
13115,17273,11007,0.036953,0.006376
13196,17075,11016,0.029077,0.002375
13276,16878,11026,0.038089,0.014815
13356,16680,11035,0.052032,0.0056
13437,16483,11045,0.038407,0.010666
13517,16285,11054,0.056516,0.011033
12869,17480,10997,0.025393,0.005693
12947,17282,11007,0.033591,0.006308
13025,17085,11016,0.035489,0.001992
13103,16887,11026,0.028556,0.006721
13181,16689,11035,0.032292,0.008042
13259,16492,11045,0.047972,0.01103
13337,16294,11054,0.041143,0.007296
13415,16096,11064,0.049006,0.008842
12784,17292,11007,0.025548,0.005741
12859,17094,11016,0.03147,0.00487
12935,16897,11026,0.042117,0.007143
13010,16699,11035,0.025207,0.002442
13086,16501,11045,0.041003,0.005452
13161,16303,11054,0.045747,0.005934
13237,16106,11064,0.040663,0.015504
13312,15908,11073,0.040541,0.010252
12698,17104,11016,0.026629,0.004316
12771,16906,11026,0.026552,0.005064
12844,16709,11035,0.034117,0.009685
12918,16511,11045,0.032062,0.010548
12991,16313,11054,0.031747,0.00928
13064,16115,11064,0.044361,0.010844
13137,15917,11073,0.043254,0.009732
13210,15720,11083,0.037247,0.010724
12613,16916,11025,0.027665,0.00655
12683,16718,11035,0.028213,0.00476
12754,16521,11044,0.041449,0.014484
12825,16323,11054,0.026816,0.010331
12895,16125,11064,0.045752,0.012905
12966,15927,11073,0.055549,0.009782
13037,15729,11083,0.040083,0.00558
13108,15531,11092,0.044156,0.011464
12527,16728,11035,0.020339,0.00349
12595,16530,11044,0.033836,0.007977
12664,16332,11054,0.0343,0.005185
12732,16134,11064,0.028642,0.002119
12800,15936,11073,0.037993,0.004682
12869,15739,11083,0.057294,0.01196
12937,15541,11092,0.046666,0.005275
13005,15343,11102,0.049297,0.011245
12441,16541,11044,0.022182,0.004299
12507,16342,11054,0.031683,0.005497
12573,16144,11063,0.036277,0.00354
12639,15946,11073,0.026752,0.00468
12705,15748,11083,0.043059,0.010322
12771,15550,11092,0.046647,0.011227
12837,15352,11102,0.045212,0.015023
12903,15154,11111,0.042773,0.013981
12356,16352,11054,0.025972,0.005079
12419,16154,11063,0.034638,0.001873
12482,15955,11073,0.034134,0.006593
12545,15757,11083,0.026875,0.004088
12609,15559,11092,0.033689,0.005798
12672,15360,11102,0.05072,0.004845
12735,15162,11111,0.045494,0.006429
12799,14963,11121,0.041881,0.010568
12270,16164,11063,0.028984,0.00714
12330,15965,11073,0.035625,0.006912
12391,15767,11082,0.032805,0.007601
12452,15568,11092,0.024178,0.004121
12512,15369,11102,0.036934,0.005815
12573,15170,11111,0.047749,0.008551
12634,14971,11121,0.046104,0.01452
12694,14772,11131,0.048491,0.011276
12157,15964,11073,0.027671,0.008724
12218,15767,11083,0.040261,0.012977
12280,15569,11092,0.024982,0.005713
12341,15371,11102,0.023384,0.002839
12403,15173,11112,0.035799,0.009478
12464,14976,11121,0.046449,0.006465
12525,14778,11131,0.05075,0.010664
12587,14580,11140,0.04946,0.013316
12044,15764,11083,0.025217,0.006615
12106,15568,11093,0.030556,0.006215
12169,15371,11102,0.043363,0.009636
12231,15174,11112,0.02609,0.005164
12293,14978,11121,0.031511,0.006045
12355,14781,11131,0.051532,0.0107
12417,14584,11140,0.047152,0.007546
12479,14388,11150,0.04981,0.010313
11932,15564,11094,0.025704,0.004197
11995,15369,11103,0.03362,0.004121
12057,15173,11112,0.033746,0.005026
12120,14978,11122,0.027113,0.011038
12183,14782,11131,0.033638,0.002915
12246,14587,11141,0.045247,0.004038
12308,14391,11150,0.065277,0.014168
12371,14195,11160,0.038656,0.005156
11839,15382,11103,0.027998,0.003996
11900,15185,11112,0.030953,0.004939
11961,14988,11122,0.033371,0.009288
12022,14792,11131,0.028408,0.002729
12083,14595,11141,0.033855,0.006383
12144,14398,11150,0.04305,0.00818
12205,14202,11160,0.049731,0.009191
12266,14005,11169,0.050896,0.007357
11746,15199,11112,0.020028,0.004699
11806,15001,11122,0.033554,0.007543
11865,14803,11131,0.035759,0.008811
11924,14606,11141,0.026074,0.006605
11983,14408,11150,0.032797,0.005362
12042,14210,11160,0.057083,0.010785
12102,14013,11169,0.048777,0.008314
12161,13815,11179,0.044563,0.014522
11654,15016,11121,0.027047,0.003805
11711,14817,11131,0.038389,0.006148
11769,14618,11140,0.02664,0.00774
11826,14420,11150,0.03275,0.009317
11883,14221,11160,0.032158,0.00578
11941,14022,11169,0.048177,0.007409
11998,13824,11179,0.049414,0.005461
12056,13625,11189,0.048085,0.018506
11561,14833,11130,0.027883,0.003486
11617,14633,11140,0.036715,0.011444
11672,14433,11150,0.03111,0.004356
11728,14234,11159,0.028031,0.006036
11784,14034,11169,0.028104,0.005133
11839,13834,11179,0.054443,0.005961
11895,13634,11188,0.056516,0.007945
11950,13435,11198,0.048132,0.018334
11469,14649,11140,0.028053,0.007571
11523,14446,11150,0.042529,0.007636
11577,14244,11159,0.024044,0.003854
11631,14042,11169,0.024756,0.008784
11685,13840,11179,0.035498,0.006743
11739,13638,11189,0.060025,0.007215
11793,13436,11198,0.043224,0.005832
11847,13234,11208,0.042632,0.006036
11376,14464,11149,0.026203,0.003438
11429,14260,11159,0.043454,0.008184
11481,14055,11169,0.033957,0.004279
11534,13851,11179,0.021997,0.00265
11586,13646,11189,0.033672,0.005088
11639,13442,11199,0.0592,0.013213
11691,13238,11208,0.048991,0.012805
11744,13033,11218,0.036389,0.011661
11284,14280,11158,0.026041,0.005478
11335,14073,11168,0.049394,0.005905
11386,13866,11178,0.02678,0.00401
11437,13660,11188,0.028883,0.004994
11488,13453,11198,0.04019,0.011978
11539,13246,11208,0.049978,0.015012
11590,13039,11218,0.044281,0.01405
11641,12832,11229,0.040085,0.024899
11191,14096,11168,0.024182,0.010375
11241,13887,11178,0.048931,0.010209
11290,13677,11188,0.02474,0.002595
11340,13468,11198,0.02958,0.010216
11389,13259,11208,0.038456,0.008461
11438,13050,11218,0.047044,0.008717
11488,12841,11228,0.035634,0.008622
11537,12632,11239,0.043377,0.012613
11078,13908,11177,0.024157,0.00556
11128,13697,11187,0.050157,0.008358
11179,13486,11198,0.032665,0.01048
11229,13275,11208,0.033724,0.012958
11280,13064,11218,0.046184,0.006124
11330,12853,11228,0.047424,0.011143
11381,12641,11239,0.037179,0.008977
11431,12430,11249,0.042715,0.009117
10964,13720,11187,0.024689,0.010686
11016,13507,11197,0.04717,0.008464
11068,13294,11207,0.030799,0.009948
11119,13081,11218,0.032657,0.007177
11171,12868,11228,0.051102,0.009692
11222,12655,11238,0.06439,0.00991
11274,12442,11249,0.036355,0.015838
11325,12229,11259,0.033512,0.004853
10846,13537,11196,0.025466,5.41E-4
10894,13326,11206,0.047213,0.005139
10942,13115,11216,0.037051,0.011793
10989,12905,11227,0.025252,0.003594
11037,12694,11237,0.04053,0.007034
11085,12483,11247,0.047202,0.011121
11133,12273,11257,0.04396,0.014455
11180,12062,11268,0.034314,0.008755
10728,13353,11205,0.024068,0.003881
10772,13145,11215,0.042489,0.008044
10816,12937,11226,0.036494,0.010489
10860,12728,11236,0.030657,0.006037
10904,12520,11246,0.039969,0.00347
10948,12312,11256,0.044993,0.003383
10992,12103,11266,0.054689,0.018146
11036,11895,11276,0.039342,0.006791
10609,13170,11215,0.026341,0.005389
10649,12964,11225,0.048471,0.010675
10690,12758,11235,0.024583,0.00606
10730,12552,11245,0.020581,0.002844
10770,12346,11255,0.033492,0.003713
10810,12140,11265,0.050811,0.004688
10850,11934,11275,0.045296,0.011098
10891,11728,11285,0.042538,0.004151
10481,12973,11225,0.023767,0.006053
10519,12771,11234,0.045907,0.010816
10556,12569,11244,0.032454,0.005655
10594,12367,11254,0.029217,0.006364
10632,12165,11264,0.038522,0.015873
10669,11963,11274,0.050465,0.004797
10707,11761,11284,0.039348,0.014984
10744,11559,11293,0.029866,0.00629
10354,12772,11235,0.023621,0.005542
10391,12571,11245,0.038798,0.007587
10427,12370,11254,0.037545,0.008399
10463,12169,11264,0.029337,0.004676
10499,11967,11274,0.028767,0.005233
10535,11766,11284,0.053151,0.009853
10571,11565,11294,0.043176,0.006923
10607,11363,11303,0.050231,0.028823
10193,12772,11235,0.034508,0.013447
10228,12572,11245,0.023122,0.007107
10262,12371,11255,0.040803,0.009253
10297,12171,11264,0.029499,0.00901
10332,11970,11274,0.027308,0.003268
10366,11770,11284,0.030256,0.003932
10401,11569,11294,0.053798,0.004327
10436,11369,11304,0.049951,0.012141
10470,11168,11313,0.048392,0.03
10067,12571,11245,0.037561,0.011832
10101,12371,11255,0.022791,0.005309
10134,12172,11265,0.041788,0.01025
10167,11972,11275,0.028456,0.004744
10200,11772,11284,0.027357,0.003866
10234,11572,11294,0.028624,0.006605
10267,11372,11304,0.045333,0.008321
10300,11172,11314,0.047337,0.013565
10334,10972,11323,0.051225,0.020519
9942,12370,11256,0.040343,0.012247
9974,12171,11265,0.025846,0.004601
10006,11972,11275,0.063088,0.0166
10037,11773,11285,0.027148,0.006216
10069,11573,11294,0.028757,0.006007
10101,11374,11304,0.038167,0.004253
10133,11175,11314,0.059776,0.011161
10165,10976,11324,0.036544,0.004776
10197,10777,11333,0.05254,0.024017
9852,11981,11275,0.02498,0.010964
9882,11781,11285,0.054654,0.00531
9912,11581,11294,0.025207,0.005302
9941,11382,11304,0.029766,0.008969
9971,11182,11314,0.033582,0.005726
10001,10982,11324,0.051292,0.0072
10031,10782,11333,0.045648,0.01767
10060,10583,11343,0.091602,0.019206
9729,11793,11285,0.026907,0.005462
9755,11594,11294,0.046838,0.007693
9781,11396,11304,0.033331,0.006741
9806,11198,11314,0.033182,0.011036
9832,10999,11323,0.031484,0.005817
9858,10801,11333,0.049477,0.009018
9884,10603,11343,0.037821,0.016819
9910,10404,11352,0.056199,0.00604
9608,11580,11295,0.031542,0.006634
9633,11359,11306,0.038362,0.009345
9658,11137,11317,0.030227,0.008716
9682,10915,11328,0.037585,0.006446
9707,10694,11339,0.0587,0.002476
9732,10472,11349,0.043095,0.006997
9756,10251,11360,0.037937,0.006753
9485,11392,11305,0.028039,0.008418
9505,11172,11316,0.04267,0.008255
9525,10952,11326,0.030333,0.00868
9545,10732,11337,0.031764,0.011367
9565,10512,11348,0.065591,0.010449
9586,10292,11359,0.046801,0.005678
9606,10072,11369,0.039761,0.004664
9361,11204,11314,0.028613,0.004469
9377,10986,11325,0.038785,0.00272
9392,10767,11336,0.029912,0.002551
9408,10549,11346,0.028917,0.00376
9424,10330,11357,0.063296,0.012648
9440,10112,11368,0.049576,0.013156
9456,9893,11379,0.04869,0.013511
9237,11016,11324,0.038922,0.009516
9248,10800,11335,0.038956,0.007428
9260,10583,11345,0.028675,0.003356
9271,10366,11356,0.035337,0.008027
9283,10149,11366,0.054175,0.00901
9294,9932,11377,0.048892,0.012083
9306,9715,11388,0.042109,0.015782
9114,10834,11333,0.044405,0.004105
9122,10623,11344,0.045816,0.007759
9130,10413,11354,0.029663,0.009677
9138,10202,11364,0.036618,0.006609
9146,9992,11374,0.055759,0.007471
9154,9781,11385,0.055655,0.004073
9163,9571,11395,0.040066,0.010307
8969,10673,11341,0.035087,0.005452
8977,10466,11352,0.037101,0.011283
8985,10259,11362,0.031627,0.00645
8993,10051,11372,0.037566,0.008039
9001,9844,11382,0.054632,0.009006
9009,9637,11392,0.053519,0.009436
9016,9430,11402,0.036785,0.006802
8825,10513,11350,0.028127,0.009419
8832,10309,11360,0.035018,0.004213
8840,10105,11370,0.039508,0.012875
8848,9901,11380,0.037301,0.014662
8855,9697,11390,0.049682,0.006468
8863,9493,11400,0.061941,0.015885
8870,9288,11410,0.044527,0.007576
8680,10353,11358,0.032828,0.008262
8687,10152,11368,0.045962,0.005539
8695,9951,11378,0.029283,0.005725
8702,9750,11388,0.035255,0.00561
8709,9549,11397,0.054743,0.006534
8717,9348,11407,0.050464,0.012629
8724,9147,11417,0.041964,0.006777
8537,10164,11368,0.026627,0.007744
8545,9938,11379,0.058851,0.013291
8553,9712,11390,0.027749,0.008149
8561,9487,11401,0.038859,0.007393
8569,9261,11412,0.060496,0.020043
8577,9035,11423,0.102644,0.020841
8392,10005,11376,0.027555,0.00403
8400,9782,11387,0.044378,0.01037
8407,9560,11398,0.02531,0.006839
8415,9338,11408,0.042056,0.015752
8423,9115,11419,0.050926,0.007198
8431,8893,11430,0.060639,0.023511
8259,9824,11385,0.032473,0.015044
8265,9609,11396,0.041057,0.011959
8270,9394,11406,0.033683,0.008561
8276,9179,11417,0.053804,0.018634
8281,8963,11427,0.048482,0.010768
8287,8748,11438,0.058228,0.013534
8124,9852,11384,0.03924,0.019386
8127,9644,11394,0.029007,0.007607
8130,9436,11404,0.046894,0.009584
8133,9228,11415,0.031393,0.004939
8137,9020,11425,0.052453,0.002954
8140,8811,11435,0.055304,0.01134
8143,8603,11445,0.043645,0.012842
7986,9441,11405,0.027609,0.002607
7979,9217,11416,0.039136,0.005706
7971,8993,11427,0.047475,0.012397
7964,8769,11438,0.052663,0.008235
7956,8545,11449,0.045544,0.005379
7845,9273,11413,0.035028,0.010615
7826,9068,11423,0.045071,0.013368
7808,8863,11433,0.033974,0.007284
7789,8658,11444,0.045531,0.00934
7770,8453,11454,0.030532,0.003262
7698,9067,11424,0.037564,0.016092
7662,8844,11435,0.040158,0.008545
7626,8621,11446,0.028849,0.006634
7590,8398,11457,0.034402,0.004356
7554,8903,11432,0.041595,0.004217
7505,8702,11442,0.025803,0.00405
7455,8502,11452,0.034216,0.007104
7406,8301,11462,0.028917,0.004282
7368,8744,11440,0.025694,0.007528
7298,8506,11452,0.031381,0.004432
7228,8266,11464,0.033316,0.006445
7194,8636,11446,0.025353,0.005519
7116,8409,11457,0.039259,0.011785
7038,8182,11469,0.02883,0.002775
7024,8483,11454,0.029099,0.008202
6937,8282,11464,0.032609,0.006803
6850,8081,11474,0.040243,0.005626
6823,8271,11465,0.034101,0.011115
6694,8039,11477,0.031869,0.008134
6791,8322,11463,0.035128,0.01321
6650,8126,11473,0.027612,0.006538
6509,7930,11483,0.028735,0.003538
