date,sst,year,month,season
2014-01-01,16.064436848958337,2014,1,Summer
2014-01-02,15.92554796006948,2014,1,Summer
2014-01-03,15.346660020616355,2014,1,Summer
2014-01-04,15.116662597656273,2014,1,Summer
2014-01-05,14.761105685763937,2014,1,Summer
2014-01-06,14.654439968532984,2014,1,Summer
2014-01-07,14.85443861219619,2014,1,Summer
2014-01-08,15.273333062066001,2014,1,Summer
2014-01-09,15.62665540907119,2014,1,Summer
2014-01-10,15.904439968532984,2014,1,Summer
2014-01-11,15.944438340928855,2014,1,Summer
2014-01-12,16.177772352430566,2014,1,Summer
2014-01-13,16.601102023654562,2014,1,Summer
2014-01-14,16.76776529947921,2014,1,Summer
2014-01-15,16.93999294704861,2014,1,Summer
2014-01-16,17.41333075629342,2014,1,Summer
2014-01-17,17.796655273437523,2014,1,Summer
2014-01-18,17.927775743272605,2014,1,Summer
2014-01-19,17.77332288953994,2014,1,Summer
2014-01-20,17.54887966579861,2014,1,Summer
2014-01-21,17.405552164713583,2014,1,Summer
2014-01-22,17.44666273328994,2014,1,Summer
2014-01-23,17.639994981553855,2014,1,Summer
2014-01-24,17.873325602213583,2014,1,Summer
2014-01-25,17.824439832899316,2014,1,Summer
2014-01-26,17.84888102213546,2014,1,Summer
2014-01-27,17.921105957031273,2014,1,Summer
2014-01-28,17.933329942491355,2014,1,Summer
2014-01-29,18.286665852864587,2014,1,Summer
2014-01-30,18.38110419379342,2014,1,Summer
2014-01-31,18.461107720269126,2014,1,Summer
2014-02-01,18.508881293402794,2014,2,Summer
2014-02-02,18.331102837456626,2014,2,Summer
2014-02-03,18.34443901909725,2014,2,Summer
2014-02-04,18.334439425998312,2014,2,Summer
2014-02-05,18.144440375434044,2014,2,Summer
2014-02-06,18.06110704210073,2014,2,Summer
2014-02-07,18.481106906467062,2014,2,Summer
2014-02-08,18.84888441297744,2014,2,Summer
2014-02-09,18.77110866970486,2014,2,Summer
2014-02-10,18.59332682291671,2014,2,Summer
2014-02-11,18.552216254340294,2014,2,Summer
2014-02-12,18.451104736328148,2014,2,Summer
2014-02-13,18.422218153211816,2014,2,Summer
2014-02-14,18.851105414496544,2014,2,Summer
2014-02-15,19.22888251410592,2014,2,Summer
2014-02-16,19.315549045138937,2014,2,Summer
2014-02-17,19.39665798611111,2014,2,Summer
2014-02-18,19.515551079644126,2014,2,Summer
2014-02-19,19.44110853407119,2014,2,Summer
2014-02-20,19.365553792317712,2014,2,Summer
2014-02-21,19.16443956163198,2014,2,Summer
2014-02-22,18.766659884982687,2014,2,Summer
2014-02-23,18.796662055121544,2014,2,Summer
2014-02-24,18.862213812934044,2014,2,Summer
2014-02-25,18.795549858941,2014,2,Summer
2014-02-26,18.66443617078994,2014,2,Summer
2014-02-27,18.741103108723962,2014,2,Summer
2014-02-28,18.736654324001734,2014,2,Summer
2014-03-01,18.774435085720484,2014,3,Autumn
2014-03-02,18.787774658203148,2014,3,Autumn
2014-03-03,18.72443372938369,2014,3,Autumn
2014-03-04,18.746664089626734,2014,3,Autumn
2014-03-05,18.965549723307333,2014,3,Autumn
2014-03-06,18.92333034939236,2014,3,Autumn
2014-03-07,18.909997558593773,2014,3,Autumn
2014-03-08,18.827776421441,2014,3,Autumn
2014-03-09,18.741106499566,2014,3,Autumn
2014-03-10,18.64777018229171,2014,3,Autumn
2014-03-11,18.564433458116355,2014,3,Autumn
2014-03-12,18.552212863498312,2014,3,Autumn
2014-03-13,18.667772759331626,2014,3,Autumn
2014-03-14,18.803328450520837,2014,3,Autumn
2014-03-15,18.738875325520837,2014,3,Autumn
2014-03-16,18.652218967013937,2014,3,Autumn
2014-03-17,18.492215304904562,2014,3,Autumn
2014-03-18,18.369992404513937,2014,3,Autumn
2014-03-19,18.33332044813369,2014,3,Autumn
2014-03-20,18.35999281141494,2014,3,Autumn
2014-03-21,18.31665785047744,2014,3,Autumn
2014-03-22,18.387770589192712,2014,3,Autumn
2014-03-23,18.41333414713546,2014,3,Autumn
2014-03-24,18.50666029188369,2014,3,Autumn
2014-03-25,18.391107177734398,2014,3,Autumn
2014-03-26,18.33777262369796,2014,3,Autumn
2014-03-27,18.338881429036462,2014,3,Autumn
2014-03-28,18.382219780816,2014,3,Autumn
2014-03-29,18.368883599175376,2014,3,Autumn
2014-03-30,18.37110120985244,2014,3,Autumn
2014-03-31,18.247776285807333,2014,3,Autumn
2014-04-01,18.074439832899316,2014,4,Autumn
2014-04-02,18.01000027126736,2014,4,Autumn
2014-04-03,18.036655680338583,2014,4,Autumn
2014-04-04,18.20777113172744,2014,4,Autumn
2014-04-05,18.214437527126734,2014,4,Autumn
2014-04-06,18.23888210720486,2014,4,Autumn
2014-04-07,18.206662326388937,2014,4,Autumn
2014-04-08,18.16333414713546,2014,4,Autumn
2014-04-09,18.138882785373312,2014,4,Autumn
2014-04-10,18.113322618272605,2014,4,Autumn
2014-04-11,18.037778049045187,2014,4,Autumn
2014-04-12,18.014438883463583,2014,4,Autumn
2014-04-13,18.04999186197921,2014,4,Autumn
2014-04-14,18.161106363932333,2014,4,Autumn
2014-04-15,18.10554741753475,2014,4,Autumn
2014-04-16,17.849989827473962,2014,4,Autumn
2014-04-17,17.76777208116323,2014,4,Autumn
2014-04-18,17.846663411458337,2014,4,Autumn
2014-04-19,17.81999782986111,2014,4,Autumn
2014-04-20,17.66443956163198,2014,4,Autumn
2014-04-21,17.461107720269126,2014,4,Autumn
2014-04-22,17.406660970052087,2014,4,Autumn
2014-04-23,17.28888346354171,2014,4,Autumn
2014-04-24,17.208883327907984,2014,4,Autumn
2014-04-25,17.065545654296898,2014,4,Autumn
2014-04-26,17.02666286892361,2014,4,Autumn
2014-04-27,17.037774658203148,2014,4,Autumn
2014-04-28,16.94554714626736,2014,4,Autumn
2014-04-29,16.961100938585105,2014,4,Autumn
2014-04-30,16.91888495551217,2014,4,Autumn
2014-05-01,16.856656222873312,2014,5,Autumn
2014-05-02,16.673326958550376,2014,5,Autumn
2014-05-03,16.63110419379342,2014,5,Autumn
2014-05-04,16.622216796875023,2014,5,Autumn
2014-05-05,16.459992133246544,2014,5,Autumn
2014-05-06,16.273333062066,2014,5,Autumn
2014-05-07,16.099993218316,2014,5,Autumn
2014-05-08,16.03443467881948,2014,5,Autumn
2014-05-09,15.937771945529562,2014,5,Autumn
2014-05-10,15.94666273328994,2014,5,Autumn
2014-05-11,16.025550672743066,2014,5,Autumn
2014-05-12,16.053331841362876,2014,5,Autumn
2014-05-13,16.069994439019126,2014,5,Autumn
2014-05-14,16.034438069661462,2014,5,Autumn
2014-05-15,16.10444200303823,2014,5,Autumn
2014-05-16,16.10444200303823,2014,5,Autumn
2014-05-17,16.014438883463583,2014,5,Autumn
2014-05-18,15.861101616753501,2014,5,Autumn
2014-05-19,15.814443630642359,2014,5,Autumn
2014-05-20,15.76221788194448,2014,5,Autumn
2014-05-21,15.743330891927087,2014,5,Autumn
2014-05-22,15.677772352430566,2014,5,Autumn
2014-05-23,15.591102430555566,2014,5,Autumn
2014-05-24,15.542216661241355,2014,5,Autumn
2014-05-25,15.507772488064234,2014,5,Autumn
2014-05-26,15.542223442925376,2014,5,Autumn
2014-05-27,15.604435221354208,2014,5,Autumn
2014-05-28,15.62665879991323,2014,5,Autumn
2014-05-29,15.53332587348092,2014,5,Autumn
2014-05-30,15.40332777235244,2014,5,Autumn
2014-05-31,15.26221449110244,2014,5,Autumn
2014-06-01,15.147770182291708,2014,6,Winter
2014-06-02,15.244439697265648,2014,6,Winter
2014-06-03,15.367771402994833,2014,6,Winter
2014-06-04,15.342214626736109,2014,6,Winter
2014-06-05,15.18665635850698,2014,6,Winter
2014-06-06,15.06555243598092,2014,6,Winter
2014-06-07,14.995548502604208,2014,6,Winter
2014-06-08,14.912215169270837,2014,6,Winter
2014-06-09,14.693322753906273,2014,6,Winter
2014-06-10,14.618883599175376,2014,6,Winter
2014-06-11,14.611101616753501,2014,6,Winter
2014-06-12,14.539992268880212,2014,6,Winter
2014-06-13,14.632216389973962,2014,6,Winter
2014-06-14,14.737769911024316,2014,6,Winter
2014-06-15,14.899994574652794,2014,6,Winter
2014-06-16,14.89776679144967,2014,6,Winter
2014-06-17,14.872213406032984,2014,6,Winter
2014-06-18,14.609989420572958,2014,6,Winter
2014-06-19,14.352221001519126,2014,6,Winter
2014-06-20,14.31555243598092,2014,6,Winter
2014-06-21,14.382216389973962,2014,6,Winter
2014-06-22,14.373325602213583,2014,6,Winter
2014-06-23,14.297767469618066,2014,6,Winter
2014-06-24,14.317770046657984,2014,6,Winter
2014-06-25,14.31555243598092,2014,6,Winter
2014-06-26,14.284438069661462,2014,6,Winter
2014-06-27,14.252214898003501,2014,6,Winter
2014-06-28,14.106656222873312,2014,6,Winter
2014-06-29,14.119992404513937,2014,6,Winter
2014-06-30,14.117774793836816,2014,6,Winter
2014-07-01,14.019996473524316,2014,7,Winter
2014-07-02,13.789995659722251,2014,7,Winter
2014-07-03,13.639998372395837,2014,7,Winter
2014-07-04,13.607768419053855,2014,7,Winter
2014-07-05,13.661102973090294,2014,7,Winter
2014-07-06,13.659990776909751,2014,7,Winter
2014-07-07,13.608884006076437,2014,7,Winter
2014-07-08,13.317773437500023,2014,7,Winter
2014-07-09,13.211097547743066,2014,7,Winter
2014-07-10,13.26776869032119,2014,7,Winter
2014-07-11,13.352214219835105,2014,7,Winter
2014-07-12,13.432214355468773,2014,7,Winter
2014-07-13,13.392215983072958,2014,7,Winter
2014-07-14,13.35999620225698,2014,7,Winter
2014-07-15,13.204434543185812,2014,7,Winter
2014-07-16,13.06110704210073,2014,7,Winter
2014-07-17,12.977770317925376,2014,7,Winter
2014-07-18,13.117774793836816,2014,7,Winter
2014-07-19,13.13665839301217,2014,7,Winter
2014-07-20,13.15332777235244,2014,7,Winter
2014-07-21,13.11554701063369,2014,7,Winter
2014-07-22,12.884440782335105,2014,7,Winter
2014-07-23,12.753327094184044,2014,7,Winter
2014-07-24,12.651106770833337,2014,7,Winter
2014-07-25,12.662218560112876,2014,7,Winter
2014-07-26,12.851105414496544,2014,7,Winter
2014-07-27,12.88221299913198,2014,7,Winter
2014-07-28,12.842214626736109,2014,7,Winter
2014-07-29,12.709995524088583,2014,7,Winter
2014-07-30,12.684438747829859,2014,7,Winter
2014-07-31,12.426660156250023,2014,7,Winter
2014-08-01,12.366659206814234,2014,8,Winter
2014-08-02,12.31666124131948,2014,8,Winter
2014-08-03,12.236664496527794,2014,8,Winter
2014-08-04,12.264438883463583,2014,8,Winter
2014-08-05,12.346660020616355,2014,8,Winter
2014-08-06,12.327773030598962,2014,8,Winter
2014-08-07,12.291101074218773,2014,8,Winter
2014-08-08,12.264435492621544,2014,8,Winter
2014-08-09,12.154436577691001,2014,8,Winter
2014-08-10,12.17999335394967,2014,8,Winter
2014-08-11,12.183323160807333,2014,8,Winter
2014-08-12,12.19665595160592,2014,8,Winter
2014-08-13,12.201108127170187,2014,8,Winter
2014-08-14,12.193329535590294,2014,8,Winter
2014-08-15,12.111105007595484,2014,8,Winter
2014-08-16,12.051104058159751,2014,8,Winter
2014-08-17,12.069991048177087,2014,8,Winter
2014-08-18,12.099989827473962,2014,8,Winter
2014-08-19,12.215546332465294,2014,8,Winter
2014-08-20,12.162215169270837,2014,8,Winter
2014-08-21,12.215549723307333,2014,8,Winter
2014-08-22,12.247772894965294,2014,8,Winter
2014-08-23,12.306661648220484,2014,8,Winter
2014-08-24,12.236664496527794,2014,8,Winter
2014-08-25,12.444438340928855,2014,8,Winter
2014-08-26,12.456662326388937,2014,8,Winter
2014-08-27,12.57221544053823,2014,8,Winter
2014-08-28,12.591105821397605,2014,8,Winter
2014-08-29,12.361105007595484,2014,8,Winter
2014-08-30,12.421105957031273,2014,8,Winter
2014-08-31,12.447771538628501,2014,8,Winter
2014-09-01,12.575548638237876,2014,9,Spring
2014-09-02,12.666660563151083,2014,9,Spring
2014-09-03,12.827776421441001,2014,9,Spring
2014-09-04,12.814440239800376,2014,9,Spring
2014-09-05,12.692217339409751,2014,9,Spring
2014-09-06,12.66333075629342,2014,9,Spring
2014-09-07,12.687771945529562,2014,9,Spring
2014-09-08,12.715553114149316,2014,9,Spring
2014-09-09,12.798883056640648,2014,9,Spring
2014-09-10,12.72888251410592,2014,9,Spring
2014-09-11,12.604435221354208,2014,9,Spring
2014-09-12,12.616659206814234,2014,9,Spring
2014-09-13,12.894440375434044,2014,9,Spring
2014-09-14,12.83777601453994,2014,9,Spring
2014-09-15,12.79998847113717,2014,9,Spring
2014-09-16,12.778883870442712,2014,9,Spring
2014-09-17,12.814440239800376,2014,9,Spring
2014-09-18,12.721107313368066,2014,9,Spring
2014-09-19,12.646661376953148,2014,9,Spring
2014-09-20,12.674435763888937,2014,9,Spring
2014-09-21,12.697771538628501,2014,9,Spring
2014-09-22,12.689996337890648,2014,9,Spring
2014-09-23,12.93554755316842,2014,9,Spring
2014-09-24,12.971110704210105,2014,9,Spring
2014-09-25,12.974440511067712,2014,9,Spring
2014-09-26,12.867768012152794,2014,9,Spring
2014-09-27,12.794437662760458,2014,9,Spring
2014-09-28,12.831106228298609,2014,9,Spring
2014-09-29,12.832208251953148,2014,9,Spring
2014-09-30,12.832208251953148,2014,9,Spring
2014-10-01,12.831102837456626,2014,10,Spring
2014-10-02,13.03443467881948,2014,10,Spring
2014-10-03,12.947778320312523,2014,10,Spring
2014-10-04,12.961107720269126,2014,10,Spring
2014-10-05,12.911109754774316,2014,10,Spring
2014-10-06,12.941105143229208,2014,10,Spring
2014-10-07,13.025547281901083,2014,10,Spring
2014-10-08,13.023329671223962,2014,10,Spring
2014-10-09,12.94666273328994,2014,10,Spring
2014-10-10,12.962213134765648,2014,10,Spring
2014-10-11,12.92443915473092,2014,10,Spring
2014-10-12,13.022214084201437,2014,10,Spring
2014-10-13,13.156657579210105,2014,10,Spring
2014-10-14,13.249990505642359,2014,10,Spring
2014-10-15,13.304433865017359,2014,10,Spring
2014-10-16,13.365553792317712,2014,10,Spring
2014-10-17,13.336660427517359,2014,10,Spring
2014-10-18,13.254432508680566,2014,10,Spring
2014-10-19,13.253330485026083,2014,10,Spring
2014-10-20,13.21332533094619,2014,10,Spring
2014-10-21,13.058882649739587,2014,10,Spring
2014-10-22,13.266659884982687,2014,10,Spring
2014-10-23,13.514435492621544,2014,10,Spring
2014-10-24,13.662215169270837,2014,10,Spring
2014-10-25,13.818875461154562,2014,10,Spring
2014-10-26,13.868883599175376,2014,10,Spring
2014-10-27,13.781101481119833,2014,10,Spring
2014-10-28,13.772214084201437,2014,10,Spring
2014-10-29,13.765540907118066,2014,10,Spring
2014-10-30,13.807770453559044,2014,10,Spring
2014-10-31,13.672218153211816,2014,10,Spring
2014-11-01,13.618886990017359,2014,11,Spring
2014-11-02,13.62110460069448,2014,11,Spring
2014-11-03,13.591099039713583,2014,11,Spring
2014-11-04,13.78888007269967,2014,11,Spring
2014-11-05,13.916660563151083,2014,11,Spring
2014-11-06,13.91888495551217,2014,11,Spring
2014-11-07,13.872213406032984,2014,11,Spring
2014-11-08,13.916663953993066,2014,11,Spring
2014-11-09,13.981103515625023,2014,11,Spring
2014-11-10,14.021105278862876,2014,11,Spring
2014-11-11,14.081102837456626,2014,11,Spring
2014-11-12,14.211104329427087,2014,11,Spring
2014-11-13,14.14222276475698,2014,11,Spring
2014-11-14,14.303328450520837,2014,11,Spring
2014-11-15,14.489994303385458,2014,11,Spring
2014-11-16,14.447774929470484,2014,11,Spring
2014-11-17,14.392215983072958,2014,11,Spring
2014-11-18,14.38666517469619,2014,11,Spring
2014-11-19,14.465546332465294,2014,11,Spring
2014-11-20,14.654436577691001,2014,11,Spring
2014-11-21,14.782217068142359,2014,11,Spring
2014-11-22,14.817763264973962,2014,11,Spring
2014-11-23,14.809988064236109,2014,11,Spring
2014-11-24,14.735548909505212,2014,11,Spring
2014-11-25,14.667772759331626,2014,11,Spring
2014-11-26,14.558875868055566,2014,11,Spring
2014-11-27,14.434435356987876,2014,11,Spring
2014-11-28,14.361108398437523,2014,11,Spring
2014-11-29,14.465549723307333,2014,11,Spring
2014-11-30,14.65332777235244,2014,11,Spring
2014-12-01,14.722219509548609,2014,12,Summer
2014-12-02,14.815549045138937,2014,12,Summer
2014-12-03,14.896661376953148,2014,12,Summer
2014-12-04,15.027768283420187,2014,12,Summer
2014-12-05,15.112220594618066,2014,12,Summer
2014-12-06,15.237769911024316,2014,12,Summer
2014-12-07,15.305546061197958,2014,12,Summer
2014-12-08,15.356656222873312,2014,12,Summer
2014-12-09,16.171105957031273,2014,12,Summer
2014-12-10,16.433326551649316,2014,12,Summer
2014-12-11,16.399994574652794,2014,12,Summer
2014-12-12,16.373332383897605,2014,12,Summer
2014-12-13,16.579994032118066,2014,12,Summer
2014-12-14,16.846660020616355,2014,12,Summer
2014-12-15,16.861105007595484,2014,12,Summer
2014-12-16,16.733324517144126,2014,12,Summer
2014-12-17,16.661109754774316,2014,12,Summer
2014-12-18,16.682221137152794,2014,12,Summer
2014-12-19,16.755551486545187,2014,12,Summer
2014-12-20,16.873332383897605,2014,12,Summer
2014-12-21,16.922218153211816,2014,12,Summer
2014-12-22,16.834432644314234,2014,12,Summer
2014-12-23,16.82221544053823,2014,12,Summer
2014-12-24,16.753327094184044,2014,12,Summer
2014-12-25,16.63110419379342,2014,12,Summer
2014-12-26,16.564433458116355,2014,12,Summer
2014-12-27,16.422214762369833,2014,12,Summer
2014-12-28,16.384437391493066,2014,12,Summer
2014-12-29,16.29332546657986,2014,12,Summer
2014-12-30,16.198883734809044,2014,12,Summer
2014-12-31,16.255551486545187,2014,12,Summer
2015-01-01,16.357768419053855,2015,1,Summer
2015-01-02,16.57110663519967,2015,1,Summer
2015-01-03,16.773329671223962,2015,1,Summer
2015-01-04,16.87110120985244,2015,1,Summer
2015-01-05,16.90332438151046,2015,1,Summer
2015-01-06,16.96887953016494,2015,1,Summer
2015-01-07,17.315545654296898,2015,1,Summer
2015-01-08,17.434442138671898,2015,1,Summer
2015-01-09,17.716658528645837,2015,1,Summer
2015-01-10,18.024435085720484,2015,1,Summer
2015-01-11,18.198883734809044,2015,1,Summer
2015-01-12,18.208886718750023,2015,1,Summer
2015-01-13,18.01221788194448,2015,1,Summer
2015-01-14,17.823327636718773,2015,1,Summer
2015-01-15,17.78888346354171,2015,1,Summer
2015-01-16,17.697768147786462,2015,1,Summer
2015-01-17,17.06110365125869,2015,1,Summer
2015-01-18,16.88665839301217,2015,1,Summer
2015-01-19,16.927772352430566,2015,1,Summer
2015-01-20,17.072218831380212,2015,1,Summer
2015-01-21,17.08110622829861,2015,1,Summer
2015-01-22,17.266659884982687,2015,1,Summer
2015-01-23,17.36999918619796,2015,1,Summer
2015-01-24,17.256667073567712,2015,1,Summer
2015-01-25,17.165548366970484,2015,1,Summer
2015-01-26,17.345554606119833,2015,1,Summer
2015-01-27,17.503330485026083,2015,1,Summer
2015-01-28,17.507775878906273,2015,1,Summer
2015-01-29,17.50110609266494,2015,1,Summer
2015-01-30,17.56999782986111,2015,1,Summer
2015-01-31,17.669997151692712,2015,1,Summer
2015-02-01,17.808879258897605,2015,2,Summer
2015-02-02,17.901110161675376,2015,2,Summer
2015-02-03,17.88776719835073,2015,2,Summer
2015-02-04,17.80110405815975,2015,2,Summer
2015-02-05,17.813317871093773,2015,2,Summer
2015-02-06,18.134444173177087,2015,2,Summer
2015-02-07,18.453332519531273,2015,2,Summer
2015-02-08,18.231106906467062,2015,2,Summer
2015-02-09,17.934442138671898,2015,2,Summer
2015-02-10,17.8066582573785,2015,2,Summer
2015-02-11,17.974440511067712,2015,2,Summer
2015-02-12,17.966658528645837,2015,2,Summer
2015-02-13,17.98444010416671,2015,2,Summer
2015-02-14,17.87999538845486,2015,2,Summer
2015-02-15,18.03443467881948,2015,2,Summer
2015-02-16,18.482212320963583,2015,2,Summer
2015-02-17,18.657773166232687,2015,2,Summer
2015-02-18,18.77887708875869,2015,2,Summer
2015-02-19,18.769996473524316,2015,2,Summer
2015-02-20,18.63110758463546,2015,2,Summer
2015-02-21,18.379988606770837,2015,2,Summer
2015-02-22,18.764438883463583,2015,2,Summer
2015-02-23,18.982222493489587,2015,2,Summer
2015-02-24,19.011102294921898,2015,2,Summer
2015-02-25,18.88666178385421,2015,2,Summer
2015-02-26,18.72443712022573,2015,2,Summer
2015-02-27,18.693326144748312,2015,2,Summer
2015-02-28,18.698883734809044,2015,2,Summer
2015-03-01,18.688887532552087,2015,3,Autumn
2015-03-02,18.709992133246544,2015,3,Autumn
2015-03-03,18.747772894965294,2015,3,Autumn
2015-03-04,18.6977715386285,2015,3,Autumn
2015-03-05,18.641107177734398,2015,3,Autumn
2015-03-06,18.596656629774316,2015,3,Autumn
2015-03-07,18.56665785047744,2015,3,Autumn
2015-03-08,18.471103922526083,2015,3,Autumn
2015-03-09,18.406664360894126,2015,3,Autumn
2015-03-10,18.373322211371544,2015,3,Autumn
2015-03-11,18.20222032335073,2015,3,Autumn
2015-03-12,18.23999430338546,2015,3,Autumn
2015-03-13,18.313324652777794,2015,3,Autumn
2015-03-14,18.21887953016494,2015,3,Autumn
2015-03-15,18.099993218316,2015,3,Autumn
2015-03-16,18.06110026041671,2015,3,Autumn
2015-03-17,18.019989691840294,2015,3,Autumn
2015-03-18,17.97777370876736,2015,3,Autumn
2015-03-19,17.982212320963583,2015,3,Autumn
2015-03-20,18.00666029188369,2015,3,Autumn
2015-03-21,18.09888102213546,2015,3,Autumn
2015-03-22,18.195550537109398,2015,3,Autumn
2015-03-23,18.15332777235244,2015,3,Autumn
2015-03-24,18.11555040147573,2015,3,Autumn
2015-03-25,18.062215847439234,2015,3,Autumn
2015-03-26,17.80554606119796,2015,3,Autumn
2015-03-27,17.651106770833337,2015,3,Autumn
2015-03-28,17.581102837456626,2015,3,Autumn
2015-03-29,17.676656765407984,2015,3,Autumn
2015-03-30,17.612220594618066,2015,3,Autumn
2015-03-31,17.558882649739587,2015,3,Autumn
2015-04-01,17.487773301866355,2015,4,Autumn
2015-04-02,17.553328450520837,2015,4,Autumn
2015-04-03,17.57555202907986,2015,4,Autumn
2015-04-04,17.47221950954861,2015,4,Autumn
2015-04-05,17.413323974609398,2015,4,Autumn
2015-04-06,17.421102566189234,2015,4,Autumn
2015-04-07,17.36554701063369,2015,4,Autumn
2015-04-08,17.249993896484398,2015,4,Autumn
2015-04-09,17.312215847439234,2015,4,Autumn
2015-04-10,17.38666178385421,2015,4,Autumn
2015-04-11,17.24109971788198,2015,4,Autumn
2015-04-12,17.201108127170187,2015,4,Autumn
2015-04-13,17.247776285807333,2015,4,Autumn
2015-04-14,17.197774929470484,2015,4,Autumn
2015-04-15,17.07221544053823,2015,4,Autumn
2015-04-16,16.927765570746544,2015,4,Autumn
2015-04-17,16.91777615017361,2015,4,Autumn
2015-04-18,16.809991455078148,2015,4,Autumn
2015-04-19,16.856656222873312,2015,4,Autumn
2015-04-20,16.808875868055566,2015,4,Autumn
2015-04-21,16.82111002604171,2015,4,Autumn
2015-04-22,16.80555284288198,2015,4,Autumn
2015-04-23,16.828885226779562,2015,4,Autumn
2015-04-24,16.835551622178855,2015,4,Autumn
2015-04-25,16.71777411566842,2015,4,Autumn
2015-04-26,16.599996609157984,2015,4,Autumn
2015-04-27,16.51221449110244,2015,4,Autumn
2015-04-28,16.515551079644126,2015,4,Autumn
2015-04-29,16.518880886501734,2015,4,Autumn
2015-04-30,16.482215711805566,2015,4,Autumn
2015-05-01,16.455550130208337,2015,5,Autumn
2015-05-02,16.309991455078148,2015,5,Autumn
2015-05-03,16.255548095703148,2015,5,Autumn
2015-05-04,16.224440511067712,2015,5,Autumn
2015-05-05,16.129991997612876,2015,5,Autumn
2015-05-06,15.998885091145837,2015,5,Autumn
2015-05-07,15.899994574652794,2015,5,Autumn
2015-05-08,15.863326009114587,2015,5,Autumn
2015-05-09,15.685550944010458,2015,5,Autumn
2015-05-10,15.524435085720484,2015,5,Autumn
2015-05-11,15.487769911024316,2015,5,Autumn
2015-05-12,15.46332533094619,2015,5,Autumn
2015-05-13,15.502214898003501,2015,5,Autumn
2015-05-14,15.458883327907984,2015,5,Autumn
2015-05-15,15.375553385416708,2015,5,Autumn
2015-05-16,15.387773980034751,2015,5,Autumn
2015-05-17,15.269993082682333,2015,5,Autumn
2015-05-18,15.111105007595484,2015,5,Autumn
2015-05-19,15.053325059678855,2015,5,Autumn
2015-05-20,14.909994167751734,2015,5,Autumn
2015-05-21,14.786662462022605,2015,5,Autumn
2015-05-22,14.813328043619833,2015,5,Autumn
2015-05-23,14.791104465060812,2015,5,Autumn
2015-05-24,14.608880615234398,2015,5,Autumn
2015-05-25,14.461104329427087,2015,5,Autumn
2015-05-26,14.455550130208337,2015,5,Autumn
2015-05-27,14.585544840494833,2015,5,Autumn
2015-05-28,14.57221544053823,2015,5,Autumn
2015-05-29,14.539992268880212,2015,5,Autumn
2015-05-30,14.442220730251734,2015,5,Autumn
2015-05-31,14.445553927951437,2015,5,Autumn
2015-06-01,14.20111151801217,2015,6,Winter
2015-06-02,13.962213134765648,2015,6,Winter
2015-06-03,13.942220730251734,2015,6,Winter
2015-06-04,13.94111192491323,2015,6,Winter
2015-06-05,14.203322347005212,2015,6,Winter
2015-06-06,14.269989691840294,2015,6,Winter
2015-06-07,14.226664903428855,2015,6,Winter
2015-06-08,13.703329128689234,2015,6,Winter
2015-06-09,13.582218424479208,2015,6,Winter
2015-06-10,13.503327094184044,2015,6,Winter
2015-06-11,13.488885498046898,2015,6,Winter
2015-06-12,13.373328993055566,2015,6,Winter
2015-06-13,13.22888929578994,2015,6,Winter
2015-06-14,13.204434543185812,2015,6,Winter
2015-06-15,13.291107855902794,2015,6,Winter
2015-06-16,13.284438069661462,2015,6,Winter
2015-06-17,13.263330078125023,2015,6,Winter
2015-06-18,13.262221272786462,2015,6,Winter
2015-06-19,13.274438476562523,2015,6,Winter
2015-06-20,13.21888292100698,2015,6,Winter
2015-06-21,13.01776869032119,2015,6,Winter
2015-06-22,12.882216389973962,2015,6,Winter
2015-06-23,13.082218424479208,2015,6,Winter
2015-06-24,13.197768147786462,2015,6,Winter
2015-06-25,13.209995524088583,2015,6,Winter
2015-06-26,12.928881157769126,2015,6,Winter
2015-06-27,12.84332343207467,2015,6,Winter
2015-06-28,12.902215576171898,2015,6,Winter
2015-06-29,12.825548638237876,2015,6,Winter
2015-06-30,12.786669243706626,2015,6,Winter
2015-07-01,12.699992540147605,2015,7,Winter
2015-07-02,12.758884684244833,2015,7,Winter
2015-07-03,12.803328450520837,2015,7,Winter
2015-07-04,12.777768283420187,2015,7,Winter
2015-07-05,12.536659071180566,2015,7,Winter
2015-07-06,12.34332343207467,2015,7,Winter
2015-07-07,12.28888007269967,2015,7,Winter
2015-07-08,12.259990098741355,2015,7,Winter
2015-07-09,12.252221679687523,2015,7,Winter
2015-07-10,12.246660698784751,2015,7,Winter
2015-07-11,12.402212185329859,2015,7,Winter
2015-07-12,12.357771809895837,2015,7,Winter
2015-07-13,12.41999376085073,2015,7,Winter
2015-07-14,12.244439697265648,2015,7,Winter
2015-07-15,12.027768283420187,2015,7,Winter
2015-07-16,11.894433593750023,2015,7,Winter
2015-07-17,11.862213812934044,2015,7,Winter
2015-07-18,11.833327229817712,2015,7,Winter
2015-07-19,11.801104058159751,2015,7,Winter
2015-07-20,11.942220730251734,2015,7,Winter
2015-07-21,11.887773980034751,2015,7,Winter
2015-07-22,11.783322482638937,2015,7,Winter
2015-07-23,11.841099039713583,2015,7,Winter
2015-07-24,11.825548638237876,2015,7,Winter
2015-07-25,11.797774251302087,2015,7,Winter
2015-07-26,11.755551486545187,2015,7,Winter
2015-07-27,11.819991048177087,2015,7,Winter
2015-07-28,11.874437798394126,2015,7,Winter
2015-07-29,11.524438476562523,2015,7,Winter
2015-07-30,11.399991183810812,2015,7,Winter
2015-07-31,11.351102023654562,2015,7,Winter
2015-08-01,11.18555433485244,2015,8,Winter
2015-08-02,11.075548638237876,2015,8,Winter
2015-08-03,11.062222629123312,2015,8,Winter
2015-08-04,11.02777167426217,2015,8,Winter
2015-08-05,11.085551622178855,2015,8,Winter
2015-08-06,11.14777357313369,2015,8,Winter
2015-08-07,11.228879123263937,2015,8,Winter
2015-08-08,11.289992268880212,2015,8,Winter
2015-08-09,11.25666029188369,2015,8,Winter
2015-08-10,11.242218695746544,2015,8,Winter
2015-08-11,11.235552300347251,2015,8,Winter
2015-08-12,11.234440104166708,2015,8,Winter
2015-08-13,11.188884141710105,2015,8,Winter
2015-08-14,11.162215169270837,2015,8,Winter
2015-08-15,11.139998372395837,2015,8,Winter
2015-08-16,11.146661376953148,2015,8,Winter
2015-08-17,11.165544976128501,2015,8,Winter
2015-08-18,11.148885769314234,2015,8,Winter
2015-08-19,11.105547417534751,2015,8,Winter
2015-08-20,11.111098225911462,2015,8,Winter
2015-08-21,11.118883599175376,2015,8,Winter
2015-08-22,11.096663411458337,2015,8,Winter
2015-08-23,11.09332343207467,2015,8,Winter
2015-08-24,11.101102023654562,2015,8,Winter
2015-08-25,11.15332099066842,2015,8,Winter
2015-08-26,11.149994574652794,2015,8,Winter
2015-08-27,11.103326416015648,2015,8,Winter
2015-08-28,11.13776719835073,2015,8,Winter
2015-08-29,11.199992540147605,2015,8,Winter
2015-08-30,11.196659342447958,2015,8,Winter
2015-08-31,11.096663411458337,2015,8,Winter
2015-09-01,11.024438476562523,2015,9,Spring
2015-09-02,11.068882242838583,2015,9,Spring
2015-09-03,11.06665785047744,2015,9,Spring
2015-09-04,11.063324652777794,2015,9,Spring
2015-09-05,11.116655815972251,2015,9,Spring
2015-09-06,11.193326144748312,2015,9,Spring
2015-09-07,11.198887125651083,2015,9,Spring
2015-09-08,11.319991048177087,2015,9,Spring
2015-09-09,11.33221503363717,2015,9,Spring
2015-09-10,11.265547688802087,2015,9,Spring
2015-09-11,11.274438476562523,2015,9,Spring
2015-09-12,11.296662055121544,2015,9,Spring
2015-09-13,11.315545654296898,2015,9,Spring
2015-09-14,11.558879258897605,2015,9,Spring
2015-09-15,11.724440511067712,2015,9,Spring
2015-09-16,11.699992540147605,2015,9,Spring
2015-09-17,12.008881293402794,2015,9,Spring
2015-09-18,12.282217068142359,2015,9,Spring
2015-09-19,12.58777601453994,2015,9,Spring
2015-09-20,12.019989691840294,2015,9,Spring
2015-09-21,11.771101888020837,2015,9,Spring
2015-09-22,11.667776150173609,2015,9,Spring
2015-09-23,11.69666612413198,2015,9,Spring
2015-09-24,11.835544840494833,2015,9,Spring
2015-09-25,11.879988606770837,2015,9,Spring
2015-09-26,11.893331570095484,2015,9,Spring
2015-09-27,11.877770996093773,2015,9,Spring
2015-09-28,11.932217746310812,2015,9,Spring
2015-09-29,11.947778320312523,2015,9,Spring
2015-09-30,12.098881022135458,2015,9,Spring
2015-10-01,11.996660698784751,2015,10,Spring
2015-10-02,12.203325737847251,2015,10,Spring
2015-10-03,12.304440646701437,2015,10,Spring
2015-10-04,12.377774386935812,2015,10,Spring
2015-10-05,12.181105550130212,2015,10,Spring
2015-10-06,12.198883734809044,2015,10,Spring
2015-10-07,12.292213270399316,2015,10,Spring
2015-10-08,12.428881157769126,2015,10,Spring
2015-10-09,12.494436306423609,2015,10,Spring
2015-10-10,12.504439290364587,2015,10,Spring
2015-10-11,12.542213270399316,2015,10,Spring
2015-10-12,12.583327229817712,2015,10,Spring
2015-10-13,12.637777370876734,2015,10,Spring
2015-10-14,13.124441189236109,2015,10,Spring
2015-10-15,12.82221544053823,2015,10,Spring
2015-10-16,12.782210286458337,2015,10,Spring
2015-10-17,12.742211914062523,2015,10,Spring
2015-10-18,12.833327229817712,2015,10,Spring
2015-10-19,12.909987386067712,2015,10,Spring
2015-10-20,13.019999864366355,2015,10,Spring
2015-10-21,12.953329128689234,2015,10,Spring
2015-10-22,13.045549858941001,2015,10,Spring
2015-10-23,13.128883192274316,2015,10,Spring
2015-10-24,13.224440511067712,2015,10,Spring
2015-10-25,13.214434136284751,2015,10,Spring
2015-10-26,13.225552707248312,2015,10,Spring
2015-10-27,13.251102701822958,2015,10,Spring
2015-10-28,13.373325602213583,2015,10,Spring
2015-10-29,13.437768554687523,2015,10,Spring
2015-10-30,13.468886311848962,2015,10,Spring
2015-10-31,13.565545654296898,2015,10,Spring
2015-11-01,13.574436442057333,2015,11,Spring
2015-11-02,13.76776869032119,2015,11,Spring
2015-11-03,13.856656222873312,2015,11,Spring
2015-11-04,14.144440375434044,2015,11,Spring
2015-11-05,14.564433458116355,2015,11,Spring
2015-11-06,14.56110365125869,2015,11,Spring
2015-11-07,14.551107449001734,2015,11,Spring
2015-11-08,14.524435085720484,2015,11,Spring
2015-11-09,14.505551486545187,2015,11,Spring
2015-11-10,14.531104871961816,2015,11,Spring
2015-11-11,14.563324652777794,2015,11,Spring
2015-11-12,14.723331705729208,2015,11,Spring
2015-11-13,14.733331298828148,2015,11,Spring
2015-11-14,15.67443915473092,2015,11,Spring
2015-11-15,15.994439697265648,2015,11,Spring
2015-11-16,16.058886040581626,2015,11,Spring
2015-11-17,15.738882107204859,2015,11,Spring
2015-11-18,15.62554999457467,2015,11,Spring
2015-11-19,15.54999525282119,2015,11,Spring
2015-11-20,15.557770453559044,2015,11,Spring
2015-11-21,15.489994303385458,2015,11,Spring
2015-11-22,15.44111192491323,2015,11,Spring
2015-11-23,15.38666517469619,2015,11,Spring
2015-11-24,15.271108669704859,2015,11,Spring
2015-11-25,14.984440104166708,2015,11,Spring
2015-11-26,14.78332587348092,2015,11,Spring
2015-11-27,14.746657307942712,2015,11,Spring
2015-11-28,14.677772352430566,2015,11,Spring
2015-11-29,14.733327907986109,2015,11,Spring
2015-11-30,14.836663818359398,2015,11,Spring
2015-12-01,14.895552571614587,2015,12,Summer
2015-12-02,14.877770996093773,2015,12,Summer
2015-12-03,14.952213541666708,2015,12,Summer
2015-12-04,15.016659884982687,2015,12,Summer
2015-12-05,15.273329671223962,2015,12,Summer
2015-12-06,15.437768554687523,2015,12,Summer
2015-12-07,15.42443915473092,2015,12,Summer
2015-12-08,15.415548366970484,2015,12,Summer
2015-12-09,15.426660156250023,2015,12,Summer
2015-12-10,15.474440511067712,2015,12,Summer
2015-12-11,15.476661512586816,2015,12,Summer
2015-12-12,15.508881293402794,2015,12,Summer
2015-12-13,15.641107177734398,2015,12,Summer
2015-12-14,15.744439697265648,2015,12,Summer
2015-12-15,15.649994574652794,2015,12,Summer
2015-12-16,15.676663547092062,2015,12,Summer
2015-12-17,15.705550130208337,2015,12,Summer
2015-12-18,15.80554945203994,2015,12,Summer
2015-12-19,15.922221544053855,2015,12,Summer
2015-12-20,16.51221788194448,2015,12,Summer
2015-12-21,16.997769504123312,2015,12,Summer
2015-12-22,17.152208794487876,2015,12,Summer
2015-12-23,17.254439290364587,2015,12,Summer
2015-12-24,17.351102023654562,2015,12,Summer
2015-12-25,17.429989963107687,2015,12,Summer
2015-12-26,17.842221408420187,2015,12,Summer
2015-12-27,18.031104871961816,2015,12,Summer
2015-12-28,18.092218017578148,2015,12,Summer
2015-12-29,17.986661105685812,2015,12,Summer
2015-12-30,17.72332831488717,2015,12,Summer
2015-12-31,17.763326687282984,2015,12,Summer
2016-01-01,18.215549723307333,2016,1,Summer
2016-01-02,18.43443874782986,2016,1,Summer
2016-01-03,18.426660156250023,2016,1,Summer
2016-01-04,18.49554850260421,2016,1,Summer
2016-01-05,18.89221598307296,2016,1,Summer
2016-01-06,19.004435899522605,2016,1,Summer
2016-01-07,18.708883327907984,2016,1,Summer
2016-01-08,18.652218967013937,2016,1,Summer
2016-01-09,18.933329942491355,2016,1,Summer
2016-01-10,19.078885226779562,2016,1,Summer
2016-01-11,19.085551622178855,2016,1,Summer
2016-01-12,19.086667209201437,2016,1,Summer
2016-01-13,18.743324110243066,2016,1,Summer
2016-01-14,18.737769911024316,2016,1,Summer
2016-01-15,18.68555094401046,2016,1,Summer
2016-01-16,18.68555094401046,2016,1,Summer
2016-01-17,18.634440782335105,2016,1,Summer
2016-01-18,18.67444254557296,2016,1,Summer
2016-01-19,18.66888495551217,2016,1,Summer
2016-01-20,18.69666273328994,2016,1,Summer
2016-01-21,18.699992540147605,2016,1,Summer
2016-01-22,18.757772488064234,2016,1,Summer
2016-01-23,18.73443671332467,2016,1,Summer
2016-01-24,18.75776909722225,2016,1,Summer
2016-01-25,18.77332288953994,2016,1,Summer
2016-01-26,18.781101481119833,2016,1,Summer
2016-01-27,18.671109347873312,2016,1,Summer
2016-01-28,18.655548773871544,2016,1,Summer
2016-01-29,18.582211642795187,2016,1,Summer
2016-01-30,19.18554755316842,2016,1,Summer
2016-01-31,19.443326144748312,2016,1,Summer
2016-02-01,19.28999565972225,2016,2,Summer
2016-02-02,19.565549045138937,2016,2,Summer
2016-02-03,19.806661648220484,2016,2,Summer
2016-02-04,19.87665540907119,2016,2,Summer
2016-02-05,19.68554755316842,2016,2,Summer
2016-02-06,19.665548366970484,2016,2,Summer
2016-02-07,20.26776869032119,2016,2,Summer
2016-02-08,20.44554714626736,2016,2,Summer
2016-02-09,20.405555555555566,2016,2,Summer
2016-02-10,20.22443712022573,2016,2,Summer
2016-02-11,20.177775743272605,2016,2,Summer
2016-02-12,20.20332573784725,2016,2,Summer
2016-02-13,19.99999050564236,2016,2,Summer
2016-02-14,19.594435628255212,2016,2,Summer
2016-02-15,19.363326009114587,2016,2,Summer
2016-02-16,19.367771402994833,2016,2,Summer
2016-02-17,19.436663140191,2016,2,Summer
2016-02-18,19.37110460069448,2016,2,Summer
2016-02-19,19.275550672743066,2016,2,Summer
2016-02-20,19.265551079644126,2016,2,Summer
2016-02-21,19.21443413628475,2016,2,Summer
2016-02-22,19.195553927951437,2016,2,Summer
2016-02-23,19.1977715386285,2016,2,Summer
2016-02-24,18.969991726345484,2016,2,Summer
2016-02-25,18.877770996093773,2016,2,Summer
2016-02-26,18.864438205295187,2016,2,Summer
2016-02-27,18.684435356987876,2016,2,Summer
2016-02-28,18.84332343207467,2016,2,Summer
2016-02-29,18.81665785047744,2016,2,Summer
2016-03-01,18.80554267035592,2016,3,Autumn
2016-03-02,18.864438205295187,2016,3,Autumn
2016-03-03,19.363329399956626,2016,3,Autumn
2016-03-04,19.471103922526083,2016,3,Autumn
2016-03-05,19.585551622178855,2016,3,Autumn
2016-03-06,19.84333021375869,2016,3,Autumn
2016-03-07,19.649997965494833,2016,3,Autumn
2016-03-08,19.33777601453994,2016,3,Autumn
2016-03-09,19.192213948567712,2016,3,Autumn
2016-03-10,19.107771809895837,2016,3,Autumn
2016-03-11,19.097775607638937,2016,3,Autumn
2016-03-12,19.711104329427087,2016,3,Autumn
2016-03-13,19.54332546657986,2016,3,Autumn
2016-03-14,19.366659206814234,2016,3,Autumn
2016-03-15,19.058879258897605,2016,3,Autumn
2016-03-16,18.79887966579861,2016,3,Autumn
2016-03-17,18.673326958550376,2016,3,Autumn
2016-03-18,18.775547281901083,2016,3,Autumn
2016-03-19,18.822218831380212,2016,3,Autumn
2016-03-20,18.958883327907984,2016,3,Autumn
2016-03-21,18.816664632161462,2016,3,Autumn
2016-03-22,18.87554999457467,2016,3,Autumn
2016-03-23,18.792216661241355,2016,3,Autumn
2016-03-24,18.791107855902794,2016,3,Autumn
2016-03-25,18.69555731879342,2016,3,Autumn
2016-03-26,18.552216254340294,2016,3,Autumn
2016-03-27,18.43555433485244,2016,3,Autumn
2016-03-28,18.337765842013937,2016,3,Autumn
2016-03-29,18.341105821397605,2016,3,Autumn
2016-03-30,18.296658664279562,2016,3,Autumn
2016-03-31,18.313328043619833,2016,3,Autumn
2016-04-01,18.404436577691,2016,4,Autumn
2016-04-02,18.44221733940975,2016,4,Autumn
2016-04-03,18.367771402994833,2016,4,Autumn
2016-04-04,18.265547688802087,2016,4,Autumn
2016-04-05,18.106659613715294,2016,4,Autumn
2016-04-06,18.064440239800376,2016,4,Autumn
2016-04-07,18.035553656684044,2016,4,Autumn
2016-04-08,18.014438883463583,2016,4,Autumn
2016-04-09,18.007775878906273,2016,4,Autumn
2016-04-10,17.91443617078994,2016,4,Autumn
2016-04-11,17.69555731879342,2016,4,Autumn
2016-04-12,17.657769775390648,2016,4,Autumn
2016-04-13,17.627774386935812,2016,4,Autumn
2016-04-14,17.541104465060812,2016,4,Autumn
2016-04-15,17.502218288845484,2016,4,Autumn
2016-04-16,17.422214762369833,2016,4,Autumn
2016-04-17,17.076657443576437,2016,4,Autumn
2016-04-18,17.069994439019126,2016,4,Autumn
2016-04-19,17.21887613932296,2016,4,Autumn
2016-04-20,17.328881835937523,2016,4,Autumn
2016-04-21,17.21887953016494,2016,4,Autumn
2016-04-22,17.249993896484398,2016,4,Autumn
2016-04-23,17.205550130208337,2016,4,Autumn
2016-04-24,16.971103922526083,2016,4,Autumn
2016-04-25,16.83110622829861,2016,4,Autumn
2016-04-26,16.835548231336816,2016,4,Autumn
2016-04-27,16.866659206814234,2016,4,Autumn
2016-04-28,16.877770996093773,2016,4,Autumn
2016-04-29,17.217767333984398,2016,4,Autumn
2016-04-30,17.371107991536462,2016,4,Autumn
2016-05-01,17.368880208333337,2016,5,Autumn
2016-05-02,16.955546739366355,2016,5,Autumn
2016-05-03,16.774435085720484,2016,5,Autumn
2016-05-04,16.701108127170187,2016,5,Autumn
2016-05-05,16.663327365451437,2016,5,Autumn
2016-05-06,16.584439425998312,2016,5,Autumn
2016-05-07,16.44221733940975,2016,5,Autumn
2016-05-08,16.345547824435812,2016,5,Autumn
2016-05-09,16.23555230034725,2016,5,Autumn
2016-05-10,16.116662597656273,2016,5,Autumn
2016-05-11,16.095547824435812,2016,5,Autumn
2016-05-12,15.982219102647605,2016,5,Autumn
2016-05-13,16.106659613715294,2016,5,Autumn
2016-05-14,16.145555962456626,2016,5,Autumn
2016-05-15,16.064433458116355,2016,5,Autumn
2016-05-16,15.965553114149316,2016,5,Autumn
2016-05-17,15.86444159613717,2016,5,Autumn
2016-05-18,15.61554701063369,2016,5,Autumn
2016-05-19,15.518880886501734,2016,5,Autumn
2016-05-20,15.415555148654562,2016,5,Autumn
2016-05-21,15.319997829861109,2016,5,Autumn
2016-05-22,15.291107855902794,2016,5,Autumn
2016-05-23,15.193326144748312,2016,5,Autumn
2016-05-24,15.242215304904562,2016,5,Autumn
2016-05-25,15.27332628038198,2016,5,Autumn
2016-05-26,15.214437527126734,2016,5,Autumn
2016-05-27,15.16443956163198,2016,5,Autumn
2016-05-28,15.112213812934044,2016,5,Autumn
2016-05-29,14.921109347873312,2016,5,Autumn
2016-05-30,14.891107177734398,2016,5,Autumn
2016-05-31,14.893324788411462,2016,5,Autumn
2016-06-01,14.898878987630212,2016,6,Winter
2016-06-02,14.991103108723962,2016,6,Winter
2016-06-03,15.019989691840294,2016,6,Winter
2016-06-04,15.004439290364587,2016,6,Winter
2016-06-05,14.93554755316842,2016,6,Winter
2016-06-06,14.824436442057333,2016,6,Winter
2016-06-07,14.735548909505212,2016,6,Winter
2016-06-08,14.719995117187523,2016,6,Winter
2016-06-09,14.71332872178823,2016,6,Winter
2016-06-10,14.688880750868066,2016,6,Winter
2016-06-11,14.648878987630212,2016,6,Winter
2016-06-12,14.543325466579859,2016,6,Winter
2016-06-13,14.424435763888937,2016,6,Winter
2016-06-14,14.296662055121544,2016,6,Winter
2016-06-15,14.278883870442712,2016,6,Winter
2016-06-16,14.271105278862876,2016,6,Winter
2016-06-17,14.184431966145837,2016,6,Winter
2016-06-18,14.037771267361109,2016,6,Winter
2016-06-19,13.822222222222251,2016,6,Winter
2016-06-20,13.74665391710073,2016,6,Winter
2016-06-21,13.732219102647605,2016,6,Winter
2016-06-22,13.712213134765648,2016,6,Winter
2016-06-23,13.727770317925376,2016,6,Winter
2016-06-24,13.799991861979208,2016,6,Winter
2016-06-25,13.786662462022605,2016,6,Winter
2016-06-26,13.702213541666708,2016,6,Winter
2016-06-27,13.665548366970484,2016,6,Winter
2016-06-28,13.649994574652794,2016,6,Winter
2016-06-29,13.579994032118066,2016,6,Winter
2016-06-30,13.38666517469619,2016,6,Winter
2016-07-01,13.295549858941001,2016,7,Winter
2016-07-02,13.278883870442712,2016,7,Winter
2016-07-03,13.285546875000023,2016,7,Winter
2016-07-04,13.23999091254342,2016,7,Winter
2016-07-05,13.184438747829859,2016,7,Winter
2016-07-06,13.073327636718773,2016,7,Winter
2016-07-07,12.964434136284751,2016,7,Winter
2016-07-08,12.921105957031273,2016,7,Winter
2016-07-09,12.91443617078994,2016,7,Winter
2016-07-10,12.937771945529562,2016,7,Winter
2016-07-11,12.905548773871544,2016,7,Winter
2016-07-12,12.759993489583337,2016,7,Winter
2016-07-13,12.661106363932333,2016,7,Winter
2016-07-14,12.54999864366323,2016,7,Winter
2016-07-15,12.427772352430566,2016,7,Winter
2016-07-16,12.384437391493066,2016,7,Winter
2016-07-17,12.362217203776083,2016,7,Winter
2016-07-18,12.367774793836816,2016,7,Winter
2016-07-19,12.232219102647605,2016,7,Winter
2016-07-20,12.208886718750023,2016,7,Winter
2016-07-21,12.211107720269126,2016,7,Winter
2016-07-22,12.546658664279562,2016,7,Winter
2016-07-23,12.576657443576437,2016,7,Winter
2016-07-24,12.575548638237876,2016,7,Winter
2016-07-25,12.466661919487876,2016,7,Winter
2016-07-26,12.336657036675376,2016,7,Winter
2016-07-27,12.29999525282119,2016,7,Winter
2016-07-28,12.304440646701437,2016,7,Winter
2016-07-29,12.248885091145837,2016,7,Winter
2016-07-30,12.177775743272605,2016,7,Winter
2016-07-31,12.319994439019126,2016,7,Winter
2016-08-01,12.323320855034751,2016,8,Winter
2016-08-02,12.339993625217062,2016,8,Winter
2016-08-03,12.284444851345484,2016,8,Winter
2016-08-04,12.247769504123312,2016,8,Winter
2016-08-05,12.208883327907984,2016,8,Winter
2016-08-06,12.13665839301217,2016,8,Winter
2016-08-07,12.099993218316001,2016,8,Winter
2016-08-08,12.059994845920187,2016,8,Winter
2016-08-09,11.803325059678855,2016,8,Winter
2016-08-10,11.704441324869833,2016,8,Winter
2016-08-11,11.914442952473962,2016,8,Winter
2016-08-12,11.927775743272605,2016,8,Winter
2016-08-13,11.834436035156273,2016,8,Winter
2016-08-14,11.866665988498312,2016,8,Winter
2016-08-15,11.933326551649316,2016,8,Winter
2016-08-16,11.896657986111109,2016,8,Winter
2016-08-17,11.746657307942712,2016,8,Winter
2016-08-18,11.785553656684044,2016,8,Winter
2016-08-19,11.847772216796898,2016,8,Winter
2016-08-20,11.806654866536462,2016,8,Winter
2016-08-21,11.782217068142359,2016,8,Winter
2016-08-22,11.776656087239587,2016,8,Winter
2016-08-23,11.808886040581626,2016,8,Winter
2016-08-24,11.755551486545187,2016,8,Winter
2016-08-25,11.758888075086816,2016,8,Winter
2016-08-26,11.69666273328994,2016,8,Winter
2016-08-27,11.67554456922744,2016,8,Winter
2016-08-28,11.62554999457467,2016,8,Winter
2016-08-29,11.641107177734398,2016,8,Winter
2016-08-30,11.718886311848962,2016,8,Winter
2016-08-31,11.70221693250869,2016,8,Winter
2016-09-01,11.70111151801217,2016,9,Spring
2016-09-02,11.719991726345484,2016,9,Spring
2016-09-03,11.807770453559044,2016,9,Spring
2016-09-04,11.817773437500023,2016,9,Spring
2016-09-05,11.768880886501734,2016,9,Spring
2016-09-06,11.981106906467062,2016,9,Spring
2016-09-07,12.009996880425376,2016,9,Spring
2016-09-08,12.06110365125869,2016,9,Spring
2016-09-09,12.195550537109398,2016,9,Spring
2016-09-10,12.173330349392359,2016,9,Spring
2016-09-11,12.054433865017359,2016,9,Spring
2016-09-12,12.033329264322958,2016,9,Spring
2016-09-13,12.068889024522605,2016,9,Spring
2016-09-14,12.112210422092062,2016,9,Spring
2016-09-15,12.084432644314234,2016,9,Spring
2016-09-16,12.08221503363717,2016,9,Spring
2016-09-17,12.114438205295187,2016,9,Spring
2016-09-18,12.117771402994833,2016,9,Spring
2016-09-19,12.143328179253501,2016,9,Spring
2016-09-20,12.173326958550376,2016,9,Spring
2016-09-21,12.16333075629342,2016,9,Spring
2016-09-22,12.224443901909751,2016,9,Spring
2016-09-23,12.351108805338583,2016,9,Spring
2016-09-24,12.442220730251734,2016,9,Spring
2016-09-25,12.467767333984398,2016,9,Spring
2016-09-26,12.659990776909751,2016,9,Spring
2016-09-27,12.818882242838583,2016,9,Spring
2016-09-28,12.868876817491355,2016,9,Spring
2016-09-29,12.815549045138937,2016,9,Spring
2016-09-30,12.835551622178855,2016,9,Spring
2016-10-01,12.726664903428855,2016,10,Spring
2016-10-02,12.70666571723092,2016,10,Spring
2016-10-03,12.676660156250023,2016,10,Spring
2016-10-04,12.719995117187523,2016,10,Spring
2016-10-05,12.684435356987876,2016,10,Spring
2016-10-06,12.63111097547744,2016,10,Spring
2016-10-07,12.594439019097251,2016,10,Spring
2016-10-08,12.575552029079859,2016,10,Spring
2016-10-09,12.55555284288198,2016,10,Spring
2016-10-10,12.586660427517359,2016,10,Spring
2016-10-11,12.56666124131948,2016,10,Spring
2016-10-12,12.52221747504342,2016,10,Spring
2016-10-13,12.486661105685812,2016,10,Spring
2016-10-14,12.477777099609398,2016,10,Spring
2016-10-15,12.574433051215294,2016,10,Spring
2016-10-16,12.671109347873312,2016,10,Spring
2016-10-17,12.655555555555566,2016,10,Spring
2016-10-18,12.672218153211816,2016,10,Spring
2016-10-19,12.686666531032984,2016,10,Spring
2016-10-20,12.778883870442712,2016,10,Spring
2016-10-21,12.747766113281273,2016,10,Spring
2016-10-22,12.778883870442712,2016,10,Spring
2016-10-23,12.841102430555566,2016,10,Spring
2016-10-24,12.931105550130212,2016,10,Spring
2016-10-25,13.031101481119833,2016,10,Spring
2016-10-26,13.076657443576437,2016,10,Spring
2016-10-27,13.139998372395837,2016,10,Spring
2016-10-28,13.16443956163198,2016,10,Spring
2016-10-29,13.258884684244833,2016,10,Spring
2016-10-30,13.283329264322958,2016,10,Spring
2016-10-31,13.289992268880212,2016,10,Spring
2016-11-01,13.357768419053855,2016,11,Spring
2016-11-02,13.33887803819448,2016,11,Spring
2016-11-03,13.305546061197958,2016,11,Spring
2016-11-04,13.344442409939234,2016,11,Spring
2016-11-05,13.497772894965294,2016,11,Spring
2016-11-06,13.553325059678855,2016,11,Spring
2016-11-07,13.378883192274316,2016,11,Spring
2016-11-08,13.455553521050376,2016,11,Spring
2016-11-09,13.672221544053855,2016,11,Spring
2016-11-10,13.797767469618066,2016,11,Spring
2016-11-11,13.873325602213583,2016,11,Spring
2016-11-12,14.007775878906273,2016,11,Spring
2016-11-13,13.959998914930566,2016,11,Spring
2016-11-14,14.313324652777794,2016,11,Spring
2016-11-15,14.383325195312523,2016,11,Spring
2016-11-16,14.398885769314234,2016,11,Spring
2016-11-17,14.368880208333337,2016,11,Spring
2016-11-18,14.219998508029562,2016,11,Spring
2016-11-19,14.06110365125869,2016,11,Spring
2016-11-20,14.02332628038198,2016,11,Spring
2016-11-21,14.19110853407119,2016,11,Spring
2016-11-22,14.26221449110244,2016,11,Spring
2016-11-23,14.367771402994833,2016,11,Spring
2016-11-24,14.418881564670187,2016,11,Spring
2016-11-25,14.298879665798609,2016,11,Spring
2016-11-26,14.205546739366355,2016,11,Spring
2016-11-27,14.238878716362876,2016,11,Spring
2016-11-28,14.34887763129342,2016,11,Spring
2016-11-29,14.461107720269126,2016,11,Spring
2016-11-30,14.676663547092062,2016,11,Spring
2016-12-01,14.768880886501734,2016,12,Summer
2016-12-02,14.874437798394126,2016,12,Summer
2016-12-03,14.954441324869833,2016,12,Summer
2016-12-04,15.07666083441842,2016,12,Summer
2016-12-05,15.078881835937523,2016,12,Summer
2016-12-06,15.121107991536462,2016,12,Summer
2016-12-07,15.148882378472251,2016,12,Summer
2016-12-08,14.87110460069448,2016,12,Summer
2016-12-09,14.547774251302087,2016,12,Summer
2016-12-10,14.448883734809044,2016,12,Summer
2016-12-11,14.42999335394967,2016,12,Summer
2016-12-12,14.494439697265648,2016,12,Summer
2016-12-13,14.532217068142359,2016,12,Summer
2016-12-14,14.492211914062523,2016,12,Summer
2016-12-15,14.47888251410592,2016,12,Summer
2016-12-16,14.513326687282984,2016,12,Summer
2016-12-17,14.547774251302087,2016,12,Summer
2016-12-18,14.638879394531273,2016,12,Summer
2016-12-19,14.825548638237876,2016,12,Summer
2016-12-20,14.921105957031273,2016,12,Summer
2016-12-21,14.951101345486109,2016,12,Summer
2016-12-22,15.215553114149316,2016,12,Summer
2016-12-23,15.389994981553855,2016,12,Summer
2016-12-24,15.266659884982687,2016,12,Summer
2016-12-25,15.509990098741355,2016,12,Summer
2016-12-26,15.568885633680566,2016,12,Summer
2016-12-27,15.53332587348092,2016,12,Summer
2016-12-28,15.584436035156273,2016,12,Summer
2016-12-29,15.719995117187523,2016,12,Summer
2016-12-30,15.735548909505212,2016,12,Summer
2016-12-31,16.412218560112876,2016,12,Summer
2017-01-01,16.58777601453994,2017,1,Summer
2017-01-02,16.704437934027794,2017,1,Summer
2017-01-03,16.797770860460105,2017,1,Summer
2017-01-04,17.009993489583337,2017,1,Summer
2017-01-05,17.817770046657984,2017,1,Summer
2017-01-06,18.133325195312523,2017,1,Summer
2017-01-07,18.23443671332467,2017,1,Summer
2017-01-08,18.349996609157984,2017,1,Summer
2017-01-09,18.29999864366323,2017,1,Summer
2017-01-10,18.03443467881948,2017,1,Summer
2017-01-11,17.864438205295187,2017,1,Summer
2017-01-12,17.34332343207467,2017,1,Summer
2017-01-13,17.022214084201437,2017,1,Summer
2017-01-14,17.008884684244833,2017,1,Summer
2017-01-15,17.067766655816,2017,1,Summer
2017-01-16,16.249993896484398,2017,1,Summer
2017-01-17,15.985552300347251,2017,1,Summer
2017-01-18,15.989994303385458,2017,1,Summer
2017-01-19,16.19221733940975,2017,1,Summer
2017-01-20,16.148885769314234,2017,1,Summer
2017-01-21,16.153334554036462,2017,1,Summer
2017-01-22,16.114434814453148,2017,1,Summer
2017-01-23,16.352217610677087,2017,1,Summer
2017-01-24,16.589990234375023,2017,1,Summer
2017-01-25,16.779996066623312,2017,1,Summer
2017-01-26,16.907769775390648,2017,1,Summer
2017-01-27,16.86999579535592,2017,1,Summer
2017-01-28,17.026659478081626,2017,1,Summer
2017-01-29,17.145552571614587,2017,1,Summer
2017-01-30,17.122220187717062,2017,1,Summer
2017-01-31,16.885556369357687,2017,1,Summer
2017-02-01,16.838881429036462,2017,2,Summer
2017-02-02,16.782213677300376,2017,2,Summer
2017-02-03,16.731106906467062,2017,2,Summer
2017-02-04,16.747769504123312,2017,2,Summer
2017-02-05,16.634437391493066,2017,2,Summer
2017-02-06,16.67999674479171,2017,2,Summer
2017-02-07,16.861108398437523,2017,2,Summer
2017-02-08,16.851108805338583,2017,2,Summer
2017-02-09,16.98332790798611,2017,2,Summer
2017-02-10,17.19110175238717,2017,2,Summer
2017-02-11,16.79999525282119,2017,2,Summer
2017-02-12,16.792213270399316,2017,2,Summer
2017-02-13,16.828881835937523,2017,2,Summer
2017-02-14,16.77221747504342,2017,2,Summer
2017-02-15,16.808879258897605,2017,2,Summer
2017-02-16,16.716658528645837,2017,2,Summer
2017-02-17,16.575545247395837,2017,2,Summer
2017-02-18,16.64888237847225,2017,2,Summer
2017-02-19,16.904439968532984,2017,2,Summer
2017-02-20,16.962213134765648,2017,2,Summer
2017-02-21,16.87110120985244,2017,2,Summer
2017-02-22,16.764438883463583,2017,2,Summer
2017-02-23,16.80999823676217,2017,2,Summer
2017-02-24,16.63665839301217,2017,2,Summer
2017-02-25,16.62110460069448,2017,2,Summer
2017-02-26,16.90888197157119,2017,2,Summer
2017-02-27,17.23444349500869,2017,2,Summer
2017-02-28,17.52777506510421,2017,2,Summer
2017-03-01,17.963332112630212,2017,3,Autumn
2017-03-02,18.701104736328148,2017,3,Autumn
2017-03-03,18.588881429036462,2017,3,Autumn
2017-03-04,18.507772488064234,2017,3,Autumn
2017-03-05,18.542213270399316,2017,3,Autumn
2017-03-06,18.226658121744833,2017,3,Autumn
2017-03-07,18.138886176215294,2017,3,Autumn
2017-03-08,18.167772759331626,2017,3,Autumn
2017-03-09,18.097775607638937,2017,3,Autumn
2017-03-10,18.099996609157984,2017,3,Autumn
2017-03-11,18.719995117187523,2017,3,Autumn
2017-03-12,18.93110215928823,2017,3,Autumn
2017-03-13,18.905552164713583,2017,3,Autumn
2017-03-14,18.584442816840294,2017,3,Autumn
2017-03-15,18.90333116319448,2017,3,Autumn
2017-03-16,18.851098632812523,2017,3,Autumn
2017-03-17,18.775547281901083,2017,3,Autumn
2017-03-18,18.711107720269126,2017,3,Autumn
2017-03-19,18.586663818359398,2017,3,Autumn
2017-03-20,18.622213406032984,2017,3,Autumn
2017-03-21,18.447774929470484,2017,3,Autumn
2017-03-22,18.554437255859398,2017,3,Autumn
2017-03-23,18.634444173177087,2017,3,Autumn
2017-03-24,18.63665839301217,2017,3,Autumn
2017-03-25,18.558886040581626,2017,3,Autumn
2017-03-26,19.063328043619833,2017,3,Autumn
2017-03-27,19.172221544053855,2017,3,Autumn
2017-03-28,19.139998372395837,2017,3,Autumn
2017-03-29,18.498885091145837,2017,3,Autumn
2017-03-30,18.524435085720484,2017,3,Autumn
2017-03-31,18.509990098741355,2017,3,Autumn
2017-04-01,18.213332112630212,2017,4,Autumn
2017-04-02,17.953332519531273,2017,4,Autumn
2017-04-03,17.987766520182333,2017,4,Autumn
2017-04-04,18.032213677300376,2017,4,Autumn
2017-04-05,18.02332628038198,2017,4,Autumn
2017-04-06,18.03777126736111,2017,4,Autumn
2017-04-07,18.067770046657984,2017,4,Autumn
2017-04-08,17.998878309461816,2017,4,Autumn
2017-04-09,17.84888102213546,2017,4,Autumn
2017-04-10,17.83887803819448,2017,4,Autumn
2017-04-11,17.79332546657986,2017,4,Autumn
2017-04-12,17.757772488064234,2017,4,Autumn
2017-04-13,17.646661376953148,2017,4,Autumn
2017-04-14,17.62110460069448,2017,4,Autumn
2017-04-15,17.602217610677087,2017,4,Autumn
2017-04-16,17.525547281901083,2017,4,Autumn
2017-04-17,17.358880615234398,2017,4,Autumn
2017-04-18,17.378876410590294,2017,4,Autumn
2017-04-19,17.372216796875023,2017,4,Autumn
2017-04-20,17.27777506510421,2017,4,Autumn
2017-04-21,17.454437934027794,2017,4,Autumn
2017-04-22,17.64110378689236,2017,4,Autumn
2017-04-23,17.62444118923611,2017,4,Autumn
2017-04-24,17.493327501085105,2017,4,Autumn
2017-04-25,17.26777208116323,2017,4,Autumn
2017-04-26,17.248885091145837,2017,4,Autumn
2017-04-27,17.243334282769126,2017,4,Autumn
2017-04-28,17.149994574652794,2017,4,Autumn
2017-04-29,17.19110175238717,2017,4,Autumn
2017-04-30,17.04443427191842,2017,4,Autumn
2017-05-01,16.869989013671898,2017,5,Autumn
2017-05-02,16.927768961588583,2017,5,Autumn
2017-05-03,16.723324924045187,2017,5,Autumn
2017-05-04,16.59887763129342,2017,5,Autumn
2017-05-05,16.49109971788198,2017,5,Autumn
2017-05-06,16.448887125651083,2017,5,Autumn
2017-05-07,16.45666571723092,2017,5,Autumn
2017-05-08,16.355550808376734,2017,5,Autumn
2017-05-09,16.194441731770837,2017,5,Autumn
2017-05-10,16.08666042751736,2017,5,Autumn
2017-05-11,16.15221218532986,2017,5,Autumn
2017-05-12,16.211104329427087,2017,5,Autumn
2017-05-13,16.175551350911462,2017,5,Autumn
2017-05-14,16.05554945203994,2017,5,Autumn
2017-05-15,15.993324110243066,2017,5,Autumn
2017-05-16,15.943329535590294,2017,5,Autumn
2017-05-17,15.878886583116355,2017,5,Autumn
2017-05-18,15.704437934027794,2017,5,Autumn
2017-05-19,15.716661919487876,2017,5,Autumn
2017-05-20,15.591105821397605,2017,5,Autumn
2017-05-21,15.597772216796898,2017,5,Autumn
2017-05-22,15.797767469618066,2017,5,Autumn
2017-05-23,15.752214898003501,2017,5,Autumn
2017-05-24,15.718886311848962,2017,5,Autumn
2017-05-25,15.551107449001734,2017,5,Autumn
2017-05-26,15.472216118706626,2017,5,Autumn
2017-05-27,15.308879258897605,2017,5,Autumn
2017-05-28,15.31666124131948,2017,5,Autumn
2017-05-29,15.355547417534751,2017,5,Autumn
2017-05-30,15.33221503363717,2017,5,Autumn
2017-05-31,14.813328043619833,2017,5,Autumn
2017-06-01,15.134440782335105,2017,6,Winter
2017-06-02,15.23443671332467,2017,6,Winter
